,id,sport,date,game_time,away,home
0,01_27_ATL_CIN_18,MLB,2019-04-24,18:40:00,ATL,CIN
1,01_27_PHI_NYM_19,MLB,2019-04-24,19:00:00,PHI,NYM
2,01_27_CHW_BAL_19,MLB,2019-04-24,19:05:00,CHW,BAL
3,01_27_ARI_PIT_19,MLB,2019-04-24,19:05:00,ARI,PIT
4,01_27_DET_BOS_19,MLB,2019-04-24,19:10:00,DET,BOS
5,01_27_LAD_CHC_20,MLB,2019-04-24,20:05:00,LAD,CHC
6,01_27_MIN_HOU_20,MLB,2019-04-24,20:10:00,MIN,HOU
7,01_27_NYY_LAA_22,MLB,2019-04-24,22:07:00,NYY,LAA
8,01_28_ARI_PIT_12,MLB,2019-04-25,12:35:00,ARI,PIT
9,01_28_LAD_CHC_14,MLB,2019-04-25,14:20:00,LAD,CHC
10,01_28_ATL_CIN_18,MLB,2019-04-25,18:40:00,ATL,CIN
11,01_28_MIA_PHI_19,MLB,2019-04-25,19:05:00,MIA,PHI
12,01_28_DET_BOS_19,MLB,2019-04-25,19:10:00,DET,BOS
13,01_28_CLE_HOU_20,MLB,2019-04-25,20:10:00,CLE,HOU
14,01_28_NYY_LAA_21,MLB,2019-04-25,21:07:00,NYY,LAA
15,01_28_TEX_SEA_22,MLB,2019-04-25,22:10:00,TEX,SEA
16,01_29_MIA_PHI_19,MLB,2019-04-26,19:05:00,MIA,PHI
17,01_29_SD_WSH_19,MLB,2019-04-26,19:05:00,SD,WSH
18,01_29_OAK_TOR_19,MLB,2019-04-26,19:07:00,OAK,TOR
19,01_29_TB_BOS_19,MLB,2019-04-26,19:10:00,TB,BOS
20,01_29_MIL_NYM_19,MLB,2019-04-26,19:10:00,MIL,NYM
21,01_29_COL_ATL_19,MLB,2019-04-26,19:20:00,COL,ATL
22,01_29_DET_CHW_20,MLB,2019-04-26,20:10:00,DET,CHW
23,01_29_CLE_HOU_20,MLB,2019-04-26,20:10:00,CLE,HOU
24,01_29_BAL_MIN_20,MLB,2019-04-26,20:10:00,BAL,MIN
25,01_29_LAA_KC_20,MLB,2019-04-26,20:15:00,LAA,KC
26,01_29_CIN_STL_20,MLB,2019-04-26,20:15:00,CIN,STL
27,01_29_CHC_ARI_21,MLB,2019-04-26,21:40:00,CHC,ARI
28,01_29_PIT_LAD_22,MLB,2019-04-26,22:10:00,PIT,LAD
29,01_29_TEX_SEA_22,MLB,2019-04-26,22:10:00,TEX,SEA
30,01_29_NYY_SF_22,MLB,2019-04-26,22:15:00,NYY,SF
31,01_30_BAL_MIN_14,MLB,2019-04-27,14:10:00,BAL,MIN
32,01_30_CIN_STL_14,MLB,2019-04-27,14:15:00,CIN,STL
33,01_30_OAK_TOR_15,MLB,2019-04-27,15:07:00,OAK,TOR
34,01_30_TB_BOS_16,MLB,2019-04-27,16:05:00,TB,BOS
35,01_30_CLE_HOU_16,MLB,2019-04-27,16:05:00,CLE,HOU
36,01_30_NYY_SF_16,MLB,2019-04-27,16:05:00,NYY,SF
37,01_30_SD_WSH_16,MLB,2019-04-27,16:05:00,SD,WSH
38,01_30_MIA_PHI_18,MLB,2019-04-27,18:05:00,MIA,PHI
39,01_30_DET_CHW_19,MLB,2019-04-27,19:10:00,DET,CHW
40,01_30_MIL_NYM_19,MLB,2019-04-27,19:10:00,MIL,NYM
41,01_30_LAA_KC_19,MLB,2019-04-27,19:15:00,LAA,KC
42,01_30_COL_ATL_19,MLB,2019-04-27,19:20:00,COL,ATL
43,01_30_CHC_ARI_20,MLB,2019-04-27,20:10:00,CHC,ARI
44,01_30_PIT_LAD_21,MLB,2019-04-27,21:10:00,PIT,LAD
45,01_30_TEX_SEA_21,MLB,2019-04-27,21:10:00,TEX,SEA
46,01_35_SD_ATL_12,MLB,2019-05-02,12:10:00,SD,ATL
47,01_35_CIN_NYM_12,MLB,2019-05-02,12:10:00,CIN,NYM
48,01_35_HOU_MIN_13,MLB,2019-05-02,13:00:00,HOU,MIN
49,01_35_COL_MIL_13,MLB,2019-05-02,13:10:00,COL,MIL
50,01_35_TB_KC_14,MLB,2019-05-02,14:15:00,TB,KC
51,01_35_STL_WSH_16,MLB,2019-05-02,16:05:00,STL,WSH
52,01_35_BOS_CHW_20,MLB,2019-05-02,20:10:00,BOS,CHW
53,01_35_TOR_LAA_22,MLB,2019-05-02,22:07:00,TOR,LAA
54,01_36_STL_CHC_14,MLB,2019-05-03,14:20:00,STL,CHC
55,01_36_TB_BAL_19,MLB,2019-05-03,19:05:00,TB,BAL
56,01_36_MIN_NYY_19,MLB,2019-05-03,19:05:00,MIN,NYY
57,01_36_WSH_PHI_19,MLB,2019-05-03,19:05:00,WSH,PHI
58,01_36_OAK_PIT_19,MLB,2019-05-03,19:05:00,OAK,PIT
59,01_36_SF_CIN_19,MLB,2019-05-03,19:10:00,SF,CIN
60,01_36_SEA_CLE_19,MLB,2019-05-03,19:10:00,SEA,CLE
61,01_36_KC_DET_19,MLB,2019-05-03,19:10:00,KC,DET
62,01_36_ATL_MIA_19,MLB,2019-05-03,19:10:00,ATL,MIA
63,01_36_TOR_TEX_20,MLB,2019-05-03,20:05:00,TOR,TEX
64,01_36_BOS_CHW_20,MLB,2019-05-03,20:10:00,BOS,CHW
65,01_36_NYM_MIL_20,MLB,2019-05-03,20:10:00,NYM,MIL
66,01_36_ARI_COL_20,MLB,2019-05-03,20:40:00,ARI,COL
67,01_36_LAD_SD_22,MLB,2019-05-03,22:10:00,LAD,SD
68,01_38_KC_DET_13,MLB,2019-05-05,13:00:00,KC,DET
69,01_38_TB_BAL_13,MLB,2019-05-05,13:05:00,TB,BAL
70,01_38_SEA_CLE_13,MLB,2019-05-05,13:10:00,SEA,CLE
71,01_38_ATL_MIA_13,MLB,2019-05-05,13:10:00,ATL,MIA
72,01_38_OAK_PIT_13,MLB,2019-05-05,13:35:00,OAK,PIT
73,01_38_WSH_PHI_14,MLB,2019-05-05,14:05:00,WSH,PHI
74,01_38_BOS_CHW_14,MLB,2019-05-05,14:10:00,BOS,CHW
75,01_38_NYM_MIL_14,MLB,2019-05-05,14:10:00,NYM,MIL
76,01_31_TB_BOS_13,MLB,2019-04-28,13:05:00,TB,BOS
77,01_31_MIA_PHI_13,MLB,2019-04-28,13:05:00,MIA,PHI
78,01_31_OAK_TOR_13,MLB,2019-04-28,13:07:00,OAK,TOR
79,01_31_MIL_NYM_13,MLB,2019-04-28,13:10:00,MIL,NYM
80,01_31_COL_ATL_13,MLB,2019-04-28,13:20:00,COL,ATL
81,01_31_SD_WSH_13,MLB,2019-04-28,13:35:00,SD,WSH
82,01_31_DET_CHW_14,MLB,2019-04-28,14:10:00,DET,CHW
83,01_31_BAL_MIN_14,MLB,2019-04-28,14:10:00,BAL,MIN
84,01_31_LAA_KC_14,MLB,2019-04-28,14:15:00,LAA,KC
85,01_31_CIN_STL_14,MLB,2019-04-28,14:15:00,CIN,STL
86,01_31_NYY_SF_16,MLB,2019-04-28,16:05:00,NYY,SF
87,01_31_CHC_ARI_16,MLB,2019-04-28,16:10:00,CHC,ARI
88,01_31_PIT_LAD_16,MLB,2019-04-28,16:10:00,PIT,LAD
89,01_31_TEX_SEA_16,MLB,2019-04-28,16:10:00,TEX,SEA
90,01_31_CLE_HOU_19,MLB,2019-04-28,19:00:00,CLE,HOU
91,01_38_TOR_TEX_15,MLB,2019-05-05,15:05:00,TOR,TEX
92,01_38_ARI_COL_15,MLB,2019-05-05,15:10:00,ARI,COL
93,01_38_HOU_LAA_16,MLB,2019-05-05,16:00:00,HOU,LAA
94,01_32_OAK_BOS_19,MLB,2019-04-29,19:00:00,OAK,BOS
95,01_32_STL_WSH_19,MLB,2019-04-29,19:05:00,STL,WSH
96,01_32_CIN_NYM_19,MLB,2019-04-29,19:10:00,CIN,NYM
97,01_32_SD_ATL_19,MLB,2019-04-29,19:20:00,SD,ATL
98,01_32_COL_MIL_19,MLB,2019-04-29,19:40:00,COL,MIL
99,01_32_HOU_MIN_19,MLB,2019-04-29,19:40:00,HOU,MIN
100,01_32_BAL_CHW_20,MLB,2019-04-29,20:10:00,BAL,CHW
101,01_32_TB_KC_20,MLB,2019-04-29,20:15:00,TB,KC
102,01_32_LAD_SF_21,MLB,2019-04-29,21:45:00,LAD,SF
103,01_38_MIN_NYY_16,MLB,2019-05-05,16:05:00,MIN,NYY
104,01_38_SF_CIN_16,MLB,2019-05-05,16:10:00,SF,CIN
105,01_38_LAD_SD_16,MLB,2019-05-05,16:10:00,LAD,SD
106,01_38_STL_CHC_19,MLB,2019-05-05,19:00:00,STL,CHC
107,01_40_CHW_CLE_18,MLB,2019-05-07,18:10:00,CHW,CLE
108,01_40_SEA_NYY_18,MLB,2019-05-07,18:35:00,SEA,NYY
109,01_40_BOS_BAL_19,MLB,2019-05-07,19:05:00,BOS,BAL
110,01_33_DET_PHI_19,MLB,2019-04-30,19:05:00,DET,PHI
111,01_33_STL_WSH_19,MLB,2019-04-30,19:05:00,STL,WSH
112,01_33_OAK_BOS_19,MLB,2019-04-30,19:10:00,OAK,BOS
113,01_33_CLE_MIA_19,MLB,2019-04-30,19:10:00,CLE,MIA
114,01_33_CIN_NYM_19,MLB,2019-04-30,19:10:00,CIN,NYM
115,01_33_SD_ATL_19,MLB,2019-04-30,19:20:00,SD,ATL
116,01_33_COL_MIL_19,MLB,2019-04-30,19:40:00,COL,MIL
117,01_33_HOU_MIN_19,MLB,2019-04-30,19:40:00,HOU,MIN
118,01_33_PIT_TEX_20,MLB,2019-04-30,20:05:00,PIT,TEX
119,01_33_BAL_CHW_20,MLB,2019-04-30,20:10:00,BAL,CHW
120,01_33_TB_KC_20,MLB,2019-04-30,20:15:00,TB,KC
121,01_33_NYY_ARI_21,MLB,2019-04-30,21:40:00,NYY,ARI
122,01_33_LAD_SF_21,MLB,2019-04-30,21:45:00,LAD,SF
123,01_33_TOR_LAA_22,MLB,2019-04-30,22:07:00,TOR,LAA
124,01_33_CHC_SEA_22,MLB,2019-04-30,22:10:00,CHC,SEA
125,01_37_MIN_NYY_13,MLB,2019-05-04,13:00:00,MIN,NYY
126,01_37_STL_CHC_16,MLB,2019-05-04,16:05:00,STL,CHC
127,01_37_SEA_CLE_16,MLB,2019-05-04,16:10:00,SEA,CLE
128,01_37_KC_DET_16,MLB,2019-05-04,16:10:00,KC,DET
129,01_37_ATL_MIA_18,MLB,2019-05-04,18:10:00,ATL,MIA
130,01_37_TB_BAL_19,MLB,2019-05-04,19:05:00,TB,BAL
131,01_37_WSH_PHI_19,MLB,2019-05-04,19:05:00,WSH,PHI
132,01_37_OAK_PIT_19,MLB,2019-05-04,19:05:00,OAK,PIT
133,01_37_HOU_LAA_19,MLB,2019-05-04,19:10:00,HOU,LAA
134,01_37_BOS_CHW_19,MLB,2019-05-04,19:10:00,BOS,CHW
135,01_37_SF_CIN_19,MLB,2019-05-04,19:10:00,SF,CIN
136,01_37_NYM_MIL_19,MLB,2019-05-04,19:10:00,NYM,MIL
137,01_37_TOR_TEX_20,MLB,2019-05-04,20:05:00,TOR,TEX
138,01_37_ARI_COL_20,MLB,2019-05-04,20:10:00,ARI,COL
139,01_37_LAD_SD_20,MLB,2019-05-04,20:40:00,LAD,SD
140,01_39_SF_CIN_12,MLB,2019-05-06,12:35:00,SF,CIN
141,01_39_CHW_CLE_18,MLB,2019-05-06,18:10:00,CHW,CLE
142,01_39_SEA_NYY_18,MLB,2019-05-06,18:35:00,SEA,NYY
143,01_39_BOS_BAL_19,MLB,2019-05-06,19:05:00,BOS,BAL
144,01_39_MIN_TOR_19,MLB,2019-05-06,19:07:00,MIN,TOR
145,01_39_ARI_TB_19,MLB,2019-05-06,19:10:00,ARI,TB
146,01_39_WSH_MIL_19,MLB,2019-05-06,19:40:00,WSH,MIL
147,01_39_PHI_STL_20,MLB,2019-05-06,20:00:00,PHI,STL
148,01_39_MIA_CHC_20,MLB,2019-05-06,20:05:00,MIA,CHC
149,01_39_KC_HOU_20,MLB,2019-05-06,20:10:00,KC,HOU
150,01_39_NYM_SD_22,MLB,2019-05-06,22:00:00,NYM,SD
151,01_39_ATL_LAD_22,MLB,2019-05-06,22:10:00,ATL,LAD
152,01_40_TEX_PIT_19,MLB,2019-05-07,19:05:00,TEX,PIT
153,01_40_MIN_TOR_19,MLB,2019-05-07,19:07:00,MIN,TOR
154,01_40_LAA_DET_19,MLB,2019-05-07,19:10:00,LAA,DET
155,01_40_ARI_TB_19,MLB,2019-05-07,19:10:00,ARI,TB
156,01_40_WSH_MIL_19,MLB,2019-05-07,19:40:00,WSH,MIL
157,01_40_PHI_STL_19,MLB,2019-05-07,19:45:00,PHI,STL
158,01_40_MIA_CHC_20,MLB,2019-05-07,20:00:00,MIA,CHC
159,01_40_KC_HOU_20,MLB,2019-05-07,20:10:00,KC,HOU
160,01_40_SF_COL_20,MLB,2019-05-07,20:40:00,SF,COL
161,01_40_CIN_OAK_22,MLB,2019-05-07,22:07:00,CIN,OAK
162,01_40_ATL_LAD_22,MLB,2019-05-07,22:10:00,ATL,LAD
163,01_40_NYM_SD_22,MLB,2019-05-07,22:10:00,NYM,SD
164,01_41_TEX_PIT_12,MLB,2019-05-08,12:35:00,TEX,PIT
165,01_41_WSH_MIL_13,MLB,2019-05-08,13:10:00,WSH,MIL
166,01_41_ARI_TB_13,MLB,2019-05-08,13:10:00,ARI,TB
167,01_41_PHI_STL_13,MLB,2019-05-08,13:15:00,PHI,STL
168,01_41_NYM_SD_15,MLB,2019-05-08,15:40:00,NYM,SD
169,01_41_CHW_CLE_18,MLB,2019-05-08,18:10:00,CHW,CLE
170,01_41_SEA_NYY_18,MLB,2019-05-08,18:30:00,SEA,NYY
171,01_41_BOS_BAL_19,MLB,2019-05-08,19:05:00,BOS,BAL
172,01_41_MIN_TOR_19,MLB,2019-05-08,19:07:00,MIN,TOR
173,01_41_LAA_DET_19,MLB,2019-05-08,19:10:00,LAA,DET
174,01_41_MIA_CHC_20,MLB,2019-05-08,20:05:00,MIA,CHC
175,01_41_KC_HOU_20,MLB,2019-05-08,20:10:00,KC,HOU
176,01_41_SF_COL_20,MLB,2019-05-08,20:40:00,SF,COL
177,01_41_CIN_OAK_22,MLB,2019-05-08,22:07:00,CIN,OAK
178,01_41_ATL_LAD_22,MLB,2019-05-08,22:10:00,ATL,LAD
179,01_42_CHW_CLE_13,MLB,2019-05-09,13:10:00,CHW,CLE
180,01_42_LAA_DET_13,MLB,2019-05-09,13:10:00,LAA,DET
181,01_42_MIA_CHC_14,MLB,2019-05-09,14:20:00,MIA,CHC
182,01_42_SF_COL_15,MLB,2019-05-09,15:10:00,SF,COL
183,01_42_CIN_OAK_15,MLB,2019-05-09,15:37:00,CIN,OAK
184,01_42_SEA_NYY_18,MLB,2019-05-09,18:35:00,SEA,NYY
185,01_42_PIT_STL_19,MLB,2019-05-09,19:45:00,PIT,STL
186,01_42_TEX_HOU_20,MLB,2019-05-09,20:10:00,TEX,HOU
187,01_42_ATL_ARI_21,MLB,2019-05-09,21:40:00,ATL,ARI
188,01_42_WSH_LAD_22,MLB,2019-05-09,22:10:00,WSH,LAD
189,01_43_MIL_CHC_14,MLB,2019-05-10,14:20:00,MIL,CHC
190,01_43_LAA_BAL_19,MLB,2019-05-10,19:05:00,LAA,BAL
191,01_43_CHW_TOR_19,MLB,2019-05-10,19:07:00,CHW,TOR
192,01_43_SEA_BOS_19,MLB,2019-05-10,19:10:00,SEA,BOS
193,01_43_MIA_NYM_19,MLB,2019-05-10,19:10:00,MIA,NYM
194,01_43_NYY_TB_19,MLB,2019-05-10,19:10:00,NYY,TB
195,01_43_TEX_HOU_20,MLB,2019-05-10,20:10:00,TEX,HOU
196,01_43_DET_MIN_20,MLB,2019-05-10,20:10:00,DET,MIN
197,01_43_PHI_KC_20,MLB,2019-05-10,20:15:00,PHI,KC
198,01_43_PIT_STL_20,MLB,2019-05-10,20:15:00,PIT,STL
199,01_43_SD_COL_20,MLB,2019-05-10,20:40:00,SD,COL
200,01_43_CLE_OAK_21,MLB,2019-05-10,21:37:00,CLE,OAK
201,01_43_ATL_ARI_21,MLB,2019-05-10,21:40:00,ATL,ARI
202,01_43_WSH_LAD_22,MLB,2019-05-10,22:10:00,WSH,LAD
203,01_43_CIN_SF_22,MLB,2019-05-10,22:15:00,CIN,SF
204,01_44_SEA_BOS_13,MLB,2019-05-11,13:05:00,SEA,BOS
205,01_44_DET_MIN_14,MLB,2019-05-11,14:10:00,DET,MIN
206,01_44_PIT_STL_14,MLB,2019-05-11,14:15:00,PIT,STL
207,01_44_MIL_CHC_14,MLB,2019-05-11,14:20:00,MIL,CHC
208,01_44_CHW_TOR_15,MLB,2019-05-11,15:07:00,CHW,TOR
209,01_44_LAA_BAL_16,MLB,2019-05-11,16:05:00,LAA,BAL
210,01_44_CLE_OAK_16,MLB,2019-05-11,16:05:00,CLE,OAK
211,01_44_NYY_TB_18,MLB,2019-05-11,18:10:00,NYY,TB
212,01_44_MIA_NYM_19,MLB,2019-05-11,19:00:00,MIA,NYM
213,01_44_PHI_KC_19,MLB,2019-05-11,19:15:00,PHI,KC
214,01_44_ATL_ARI_20,MLB,2019-05-11,20:10:00,ATL,ARI
215,01_44_SD_COL_20,MLB,2019-05-11,20:10:00,SD,COL
216,01_44_TEX_HOU_20,MLB,2019-05-11,20:10:00,TEX,HOU
217,01_44_DET_MIN_20,MLB,2019-05-11,20:10:00,DET,MIN
218,01_44_CIN_SF_21,MLB,2019-05-11,21:05:00,CIN,SF
219,01_44_WSH_LAD_21,MLB,2019-05-11,21:10:00,WSH,LAD
220,01_45_LAA_BAL_13,MLB,2019-05-12,13:00:00,LAA,BAL
221,01_45_SEA_BOS_13,MLB,2019-05-12,13:05:00,SEA,BOS
222,01_45_CHW_TOR_13,MLB,2019-05-12,13:07:00,CHW,TOR
223,01_45_MIA_NYM_13,MLB,2019-05-12,13:10:00,MIA,NYM
224,01_45_NYY_TB_13,MLB,2019-05-12,13:10:00,NYY,TB
225,01_45_TEX_HOU_14,MLB,2019-05-12,14:10:00,TEX,HOU
226,01_45_DET_MIN_14,MLB,2019-05-12,14:10:00,DET,MIN
227,01_45_PHI_KC_14,MLB,2019-05-12,14:15:00,PHI,KC
228,01_45_PIT_STL_14,MLB,2019-05-12,14:15:00,PIT,STL
229,01_45_SD_COL_15,MLB,2019-05-12,15:10:00,SD,COL
230,01_45_CIN_SF_16,MLB,2019-05-12,16:05:00,CIN,SF
231,01_45_CLE_OAK_16,MLB,2019-05-12,16:07:00,CLE,OAK
232,01_45_ATL_ARI_16,MLB,2019-05-12,16:10:00,ATL,ARI
233,01_45_WSH_LAD_16,MLB,2019-05-12,16:10:00,WSH,LAD
234,01_45_MIL_CHC_19,MLB,2019-05-12,19:00:00,MIL,CHC
235,01_46_BAL_NYY_18,MLB,2019-05-13,18:35:00,BAL,NYY
236,01_46_MIL_PHI_19,MLB,2019-05-13,19:00:00,MIL,PHI
237,01_46_HOU_DET_19,MLB,2019-05-13,19:10:00,HOU,DET
238,01_46_LAA_MIN_19,MLB,2019-05-13,19:40:00,LAA,MIN
239,01_46_CLE_CHW_20,MLB,2019-05-13,20:10:00,CLE,CHW
240,01_46_PIT_ARI_21,MLB,2019-05-13,21:40:00,PIT,ARI
241,01_46_OAK_SEA_22,MLB,2019-05-13,22:10:00,OAK,SEA
242,01_47_CLE_CHW_14,MLB,2019-05-14,14:10:00,CLE,CHW
243,01_47_BAL_NYY_18,MLB,2019-05-14,18:35:00,BAL,NYY
244,01_47_CHC_CIN_18,MLB,2019-05-14,18:40:00,CHC,CIN
245,01_47_MIL_PHI_19,MLB,2019-05-14,19:05:00,MIL,PHI
246,01_47_NYM_WSH_19,MLB,2019-05-14,19:05:00,NYM,WSH
247,01_47_COL_BOS_19,MLB,2019-05-14,19:10:00,COL,BOS
248,01_47_HOU_DET_19,MLB,2019-05-14,19:10:00,HOU,DET
249,01_47_TB_MIA_19,MLB,2019-05-14,19:10:00,TB,MIA
250,01_47_STL_ATL_19,MLB,2019-05-14,19:20:00,STL,ATL
251,01_47_LAA_MIN_19,MLB,2019-05-14,19:40:00,LAA,MIN
252,01_47_TEX_KC_20,MLB,2019-05-14,20:15:00,TEX,KC
253,01_47_PIT_ARI_21,MLB,2019-05-14,21:40:00,PIT,ARI
254,01_47_TOR_SF_21,MLB,2019-05-14,21:45:00,TOR,SF
255,01_47_SD_LAD_22,MLB,2019-05-14,22:00:00,SD,LAD
256,01_47_OAK_SEA_22,MLB,2019-05-14,22:10:00,OAK,SEA
257,01_48_LAA_MIN_13,MLB,2019-05-15,13:10:00,LAA,MIN
258,01_48_BAL_NYY_15,MLB,2019-05-15,15:05:00,BAL,NYY
259,01_48_PIT_ARI_15,MLB,2019-05-15,15:40:00,PIT,ARI
260,01_48_TOR_SF_15,MLB,2019-05-15,15:45:00,TOR,SF
261,01_48_BAL_NYY_18,MLB,2019-05-15,18:35:00,BAL,NYY
262,01_48_CHC_CIN_18,MLB,2019-05-15,18:40:00,CHC,CIN
263,01_48_MIL_PHI_19,MLB,2019-05-15,19:05:00,MIL,PHI
264,01_48_NYM_WSH_19,MLB,2019-05-15,19:05:00,NYM,WSH
265,01_48_COL_BOS_19,MLB,2019-05-15,19:10:00,COL,BOS
266,01_48_HOU_DET_19,MLB,2019-05-15,19:10:00,HOU,DET
267,01_48_TB_MIA_19,MLB,2019-05-15,19:10:00,TB,MIA
268,01_48_STL_ATL_19,MLB,2019-05-15,19:20:00,STL,ATL
269,01_48_TEX_KC_20,MLB,2019-05-15,20:00:00,TEX,KC
270,01_48_SD_LAD_22,MLB,2019-05-15,22:10:00,SD,LAD
271,01_49_MIL_PHI_13,MLB,2019-05-16,13:05:00,MIL,PHI
272,01_49_NYM_WSH_13,MLB,2019-05-16,13:05:00,NYM,WSH
273,01_49_OAK_DET_13,MLB,2019-05-16,13:10:00,OAK,DET
274,01_49_TEX_KC_13,MLB,2019-05-16,13:15:00,TEX,KC
275,01_49_BAL_CLE_18,MLB,2019-05-16,18:10:00,BAL,CLE
276,01_49_CHC_CIN_18,MLB,2019-05-16,18:40:00,CHC,CIN
277,01_49_STL_ATL_19,MLB,2019-05-16,19:20:00,STL,ATL
278,01_49_TOR_CHW_20,MLB,2019-05-16,20:10:00,TOR,CHW
279,01_49_MIN_SEA_22,MLB,2019-05-16,22:00:00,MIN,SEA
280,01_49_PIT_SD_22,MLB,2019-05-16,22:10:00,PIT,SD
281,01_50_TB_NYY_19,MLB,2019-05-17,19:00:00,TB,NYY
282,01_50_COL_PHI_19,MLB,2019-05-17,19:05:00,COL,PHI
283,01_50_CHC_WSH_19,MLB,2019-05-17,19:05:00,CHC,WSH
284,01_50_HOU_BOS_19,MLB,2019-05-17,19:10:00,HOU,BOS
285,01_50_LAD_CIN_19,MLB,2019-05-17,19:10:00,LAD,CIN
286,01_50_BAL_CLE_19,MLB,2019-05-17,19:10:00,BAL,CLE
287,01_50_OAK_DET_19,MLB,2019-05-17,19:10:00,OAK,DET
288,01_50_NYM_MIA_19,MLB,2019-05-17,19:10:00,NYM,MIA
289,01_50_MIL_ATL_19,MLB,2019-05-17,19:20:00,MIL,ATL
290,01_50_STL_TEX_20,MLB,2019-05-17,20:05:00,STL,TEX
291,01_50_TOR_CHW_20,MLB,2019-05-17,20:10:00,TOR,CHW
292,01_50_SF_ARI_21,MLB,2019-05-17,21:40:00,SF,ARI
293,01_50_KC_LAA_22,MLB,2019-05-17,22:07:00,KC,LAA
294,01_50_PIT_SD_22,MLB,2019-05-17,22:10:00,PIT,SD
295,01_50_MIN_SEA_22,MLB,2019-05-17,22:10:00,MIN,SEA
296,01_51_TB_NYY_13,MLB,2019-05-18,13:05:00,TB,NYY
297,01_51_TOR_CHW_14,MLB,2019-05-18,14:10:00,TOR,CHW
298,01_51_STL_TEX_16,MLB,2019-05-18,16:00:00,STL,TEX
299,01_51_COL_PHI_16,MLB,2019-05-18,16:05:00,COL,PHI
300,01_51_LAD_CIN_16,MLB,2019-05-18,16:10:00,LAD,CIN
301,01_51_BAL_CLE_16,MLB,2019-05-18,16:10:00,BAL,CLE
302,01_51_OAK_DET_16,MLB,2019-05-18,16:10:00,OAK,DET
303,01_51_NYM_MIA_16,MLB,2019-05-18,16:10:00,NYM,MIA
304,01_51_MIL_ATL_19,MLB,2019-05-18,19:15:00,MIL,ATL
305,01_51_HOU_BOS_19,MLB,2019-05-18,19:15:00,HOU,BOS
306,01_51_CHC_WSH_19,MLB,2019-05-18,19:15:00,CHC,WSH
307,01_51_PIT_SD_20,MLB,2019-05-18,20:40:00,PIT,SD
308,01_51_KC_LAA_22,MLB,2019-05-18,22:07:00,KC,LAA
309,01_51_SF_ARI_22,MLB,2019-05-18,22:10:00,SF,ARI
310,01_51_MIN_SEA_22,MLB,2019-05-18,22:10:00,MIN,SEA
311,01_52_HOU_BOS_13,MLB,2019-05-19,13:05:00,HOU,BOS
312,01_52_TB_NYY_13,MLB,2019-05-19,13:05:00,TB,NYY
313,01_52_COL_PHI_13,MLB,2019-05-19,13:05:00,COL,PHI
314,01_52_LAD_CIN_13,MLB,2019-05-19,13:10:00,LAD,CIN
315,01_52_BAL_CLE_13,MLB,2019-05-19,13:10:00,BAL,CLE
316,01_52_OAK_DET_13,MLB,2019-05-19,13:10:00,OAK,DET
317,01_52_NYM_MIA_13,MLB,2019-05-19,13:10:00,NYM,MIA
318,01_52_MIL_ATL_13,MLB,2019-05-19,13:20:00,MIL,ATL
319,01_52_TOR_CHW_14,MLB,2019-05-19,14:10:00,TOR,CHW
320,01_52_STL_TEX_15,MLB,2019-05-19,15:05:00,STL,TEX
321,01_52_SF_ARI_16,MLB,2019-05-19,16:00:00,SF,ARI
322,01_52_KC_LAA_16,MLB,2019-05-19,16:07:00,KC,LAA
323,01_52_PIT_SD_16,MLB,2019-05-19,16:10:00,PIT,SD
324,01_52_MIN_SEA_16,MLB,2019-05-19,16:10:00,MIN,SEA
325,01_52_CHC_WSH_19,MLB,2019-05-19,19:00:00,CHC,WSH
326,01_53_BOS_TOR_13,MLB,2019-05-20,13:07:00,BOS,TOR
327,01_53_OAK_CLE_18,MLB,2019-05-20,18:10:00,OAK,CLE
328,01_53_NYY_BAL_19,MLB,2019-05-20,19:00:00,NYY,BAL
329,01_53_WSH_NYM_19,MLB,2019-05-20,19:10:00,WSH,NYM
330,01_53_PHI_CHC_20,MLB,2019-05-20,20:05:00,PHI,CHC
331,01_53_SEA_TEX_20,MLB,2019-05-20,20:05:00,SEA,TEX
332,01_53_CHW_HOU_20,MLB,2019-05-20,20:10:00,CHW,HOU
333,01_53_ATL_SF_21,MLB,2019-05-20,21:45:00,ATL,SF
334,01_53_MIN_LAA_22,MLB,2019-05-20,22:07:00,MIN,LAA
335,01_53_ARI_SD_22,MLB,2019-05-20,22:10:00,ARI,SD
336,01_54_OAK_CLE_18,MLB,2019-05-21,18:10:00,OAK,CLE
337,01_54_PHI_CHC_19,MLB,2019-05-21,19:00:00,PHI,CHC
338,01_54_COL_PIT_19,MLB,2019-05-21,19:00:00,COL,PIT
339,01_54_NYY_BAL_19,MLB,2019-05-21,19:05:00,NYY,BAL
340,01_54_BOS_TOR_19,MLB,2019-05-21,19:07:00,BOS,TOR
341,01_54_MIA_DET_19,MLB,2019-05-21,19:10:00,MIA,DET
342,01_54_WSH_NYM_19,MLB,2019-05-21,19:10:00,WSH,NYM
343,01_54_LAD_TB_19,MLB,2019-05-21,19:10:00,LAD,TB
344,01_54_CIN_MIL_19,MLB,2019-05-21,19:40:00,CIN,MIL
345,01_54_SEA_TEX_20,MLB,2019-05-21,20:05:00,SEA,TEX
346,01_54_CHW_HOU_20,MLB,2019-05-21,20:10:00,CHW,HOU
347,01_54_KC_STL_20,MLB,2019-05-21,20:15:00,KC,STL
348,01_54_ATL_SF_21,MLB,2019-05-21,21:45:00,ATL,SF
349,01_54_MIN_LAA_22,MLB,2019-05-21,22:07:00,MIN,LAA
350,01_54_ARI_SD_22,MLB,2019-05-21,22:10:00,ARI,SD
351,01_55_OAK_CLE_13,MLB,2019-05-22,13:10:00,OAK,CLE
352,01_55_CIN_MIL_13,MLB,2019-05-22,13:10:00,CIN,MIL
353,01_55_KC_STL_13,MLB,2019-05-22,13:15:00,KC,STL
354,01_55_SEA_TEX_14,MLB,2019-05-22,14:05:00,SEA,TEX
355,01_55_ARI_SD_15,MLB,2019-05-22,15:40:00,ARI,SD
356,01_55_NYY_BAL_19,MLB,2019-05-22,19:05:00,NYY,BAL
357,01_55_COL_PIT_19,MLB,2019-05-22,19:05:00,COL,PIT
358,01_55_BOS_TOR_19,MLB,2019-05-22,19:07:00,BOS,TOR
359,01_55_MIA_DET_19,MLB,2019-05-22,19:10:00,MIA,DET
360,01_55_WSH_NYM_19,MLB,2019-05-22,19:10:00,WSH,NYM
361,01_55_LAD_TB_19,MLB,2019-05-22,19:10:00,LAD,TB
362,01_55_PHI_CHC_20,MLB,2019-05-22,20:05:00,PHI,CHC
363,01_55_CHW_HOU_20,MLB,2019-05-22,20:10:00,CHW,HOU
364,01_55_MIN_LAA_21,MLB,2019-05-22,21:07:00,MIN,LAA
365,01_55_ATL_SF_21,MLB,2019-05-22,21:45:00,ATL,SF
366,01_56_WSH_NYM_12,MLB,2019-05-23,12:10:00,WSH,NYM
367,01_56_NYY_BAL_12,MLB,2019-05-23,12:35:00,NYY,BAL
368,01_56_COL_PIT_12,MLB,2019-05-23,12:35:00,COL,PIT
369,01_56_BOS_TOR_12,MLB,2019-05-23,12:37:00,BOS,TOR
370,01_56_MIA_DET_13,MLB,2019-05-23,13:10:00,MIA,DET
371,01_56_PHI_CHC_14,MLB,2019-05-23,14:20:00,PHI,CHC
372,01_56_ATL_SF_15,MLB,2019-05-23,15:45:00,ATL,SF
373,01_56_TB_CLE_18,MLB,2019-05-23,18:10:00,TB,CLE
374,01_56_CHW_HOU_20,MLB,2019-05-23,20:10:00,CHW,HOU
375,01_57_CIN_CHC_14,MLB,2019-05-24,14:20:00,CIN,CHC
376,01_57_LAD_PIT_19,MLB,2019-05-24,19:05:00,LAD,PIT
377,01_57_MIA_WSH_19,MLB,2019-05-24,19:05:00,MIA,WSH
378,01_57_SD_TOR_19,MLB,2019-05-24,19:07:00,SD,TOR
379,01_57_TB_CLE_19,MLB,2019-05-24,19:10:00,TB,CLE
380,01_57_DET_NYM_19,MLB,2019-05-24,19:10:00,DET,NYM
381,01_57_BOS_HOU_20,MLB,2019-05-24,20:10:00,BOS,HOU
382,01_57_PHI_MIL_20,MLB,2019-05-24,20:10:00,PHI,MIL
383,01_57_CHW_MIN_20,MLB,2019-05-24,20:10:00,CHW,MIN
384,01_57_NYY_KC_20,MLB,2019-05-24,20:15:00,NYY,KC
385,01_57_ATL_STL_20,MLB,2019-05-24,20:15:00,ATL,STL
386,01_57_BAL_COL_20,MLB,2019-05-24,20:40:00,BAL,COL
387,01_57_SEA_OAK_22,MLB,2019-05-24,22:00:00,SEA,OAK
388,01_57_TEX_LAA_22,MLB,2019-05-24,22:07:00,TEX,LAA
389,01_57_ARI_SF_22,MLB,2019-05-24,22:15:00,ARI,SF
390,01_58_CHW_MIN_14,MLB,2019-05-25,14:10:00,CHW,MIN
391,01_58_NYY_KC_14,MLB,2019-05-25,14:15:00,NYY,KC
392,01_58_CIN_CHC_14,MLB,2019-05-25,14:20:00,CIN,CHC
393,01_58_SD_TOR_15,MLB,2019-05-25,15:07:00,SD,TOR
394,01_58_ARI_SF_16,MLB,2019-05-25,16:05:00,ARI,SF
395,01_58_MIA_WSH_16,MLB,2019-05-25,16:05:00,MIA,WSH
396,01_58_SEA_OAK_16,MLB,2019-05-25,16:07:00,SEA,OAK
397,01_58_TB_CLE_16,MLB,2019-05-25,16:10:00,TB,CLE
398,01_58_PHI_MIL_16,MLB,2019-05-25,16:10:00,PHI,MIL
399,01_58_DET_NYM_16,MLB,2019-05-25,16:10:00,DET,NYM
400,01_58_BOS_HOU_19,MLB,2019-05-25,19:15:00,BOS,HOU
401,01_58_LAD_PIT_19,MLB,2019-05-25,19:15:00,LAD,PIT
402,01_58_ATL_STL_19,MLB,2019-05-25,19:15:00,ATL,STL
403,01_58_BAL_COL_21,MLB,2019-05-25,21:10:00,BAL,COL
404,01_58_TEX_LAA_22,MLB,2019-05-25,22:00:00,TEX,LAA
405,01_59_SD_TOR_13,MLB,2019-05-26,13:07:00,SD,TOR
406,01_59_TB_CLE_13,MLB,2019-05-26,13:10:00,TB,CLE
407,01_59_DET_NYM_13,MLB,2019-05-26,13:10:00,DET,NYM
408,01_59_LAD_PIT_13,MLB,2019-05-26,13:35:00,LAD,PIT
409,01_59_MIA_WSH_13,MLB,2019-05-26,13:35:00,MIA,WSH
410,01_59_BOS_HOU_14,MLB,2019-05-26,14:10:00,BOS,HOU
411,01_59_PHI_MIL_14,MLB,2019-05-26,14:10:00,PHI,MIL
412,01_59_CHW_MIN_14,MLB,2019-05-26,14:10:00,CHW,MIN
413,01_59_NYY_KC_14,MLB,2019-05-26,14:15:00,NYY,KC
414,01_59_CIN_CHC_14,MLB,2019-05-26,14:20:00,CIN,CHC
415,01_59_BAL_COL_15,MLB,2019-05-26,15:00:00,BAL,COL
416,01_59_ARI_SF_16,MLB,2019-05-26,16:05:00,ARI,SF
417,01_59_TEX_LAA_16,MLB,2019-05-26,16:07:00,TEX,LAA
418,01_59_SEA_OAK_16,MLB,2019-05-26,16:07:00,SEA,OAK
419,01_59_ATL_STL_19,MLB,2019-05-26,19:00:00,ATL,STL
420,01_60_MIA_WSH_13,MLB,2019-05-27,13:00:00,MIA,WSH
421,01_60_DET_BAL_13,MLB,2019-05-27,13:05:00,DET,BAL
422,01_60_SD_NYY_13,MLB,2019-05-27,13:05:00,SD,NYY
423,01_60_PIT_CIN_13,MLB,2019-05-27,13:10:00,PIT,CIN
424,01_60_TOR_TB_13,MLB,2019-05-27,13:10:00,TOR,TB
425,01_60_KC_CHW_14,MLB,2019-05-27,14:10:00,KC,CHW
426,01_60_CHC_HOU_14,MLB,2019-05-27,14:10:00,CHC,HOU
427,01_60_ARI_COL_15,MLB,2019-05-27,15:10:00,ARI,COL
428,01_60_CLE_BOS_16,MLB,2019-05-27,16:00:00,CLE,BOS
429,01_60_LAA_OAK_16,MLB,2019-05-27,16:07:00,LAA,OAK
430,01_60_PIT_CIN_19,MLB,2019-05-27,19:10:00,PIT,CIN
431,01_60_MIL_MIN_19,MLB,2019-05-27,19:10:00,MIL,MIN
432,01_60_NYM_LAD_20,MLB,2019-05-27,20:00:00,NYM,LAD
433,01_60_TEX_SEA_21,MLB,2019-05-27,21:10:00,TEX,SEA
434,01_61_SD_NYY_18,MLB,2019-05-28,18:35:00,SD,NYY
435,01_61_PIT_CIN_18,MLB,2019-05-28,18:40:00,PIT,CIN
436,01_61_DET_BAL_19,MLB,2019-05-28,19:05:00,DET,BAL
437,01_61_STL_PHI_19,MLB,2019-05-28,19:05:00,STL,PHI
438,01_61_CLE_BOS_19,MLB,2019-05-28,19:10:00,CLE,BOS
439,01_61_SF_MIA_19,MLB,2019-05-28,19:10:00,SF,MIA
440,01_61_TOR_TB_19,MLB,2019-05-28,19:10:00,TOR,TB
441,01_61_WSH_ATL_19,MLB,2019-05-28,19:20:00,WSH,ATL
442,01_61_KC_CHW_20,MLB,2019-05-28,20:10:00,KC,CHW
443,01_61_CHC_HOU_20,MLB,2019-05-28,20:10:00,CHC,HOU
444,01_61_MIL_MIN_20,MLB,2019-05-28,20:10:00,MIL,MIN
445,01_61_ARI_COL_20,MLB,2019-05-28,20:40:00,ARI,COL
446,01_61_TEX_SEA_22,MLB,2019-05-28,22:00:00,TEX,SEA
447,01_61_LAA_OAK_22,MLB,2019-05-28,22:07:00,LAA,OAK
448,01_61_NYM_LAD_22,MLB,2019-05-28,22:10:00,NYM,LAD
449,01_62_PIT_CIN_12,MLB,2019-05-29,12:35:00,PIT,CIN
450,01_62_SD_NYY_13,MLB,2019-05-29,13:05:00,SD,NYY
451,01_62_LAA_OAK_15,MLB,2019-05-29,15:37:00,LAA,OAK
452,01_62_TEX_SEA_15,MLB,2019-05-29,15:40:00,TEX,SEA
453,01_62_CLE_BOS_18,MLB,2019-05-29,18:10:00,CLE,BOS
454,01_62_DET_BAL_19,MLB,2019-05-29,19:05:00,DET,BAL
455,01_62_STL_PHI_19,MLB,2019-05-29,19:05:00,STL,PHI
456,01_62_SF_MIA_19,MLB,2019-05-29,19:10:00,SF,MIA
457,01_62_TOR_TB_19,MLB,2019-05-29,19:10:00,TOR,TB
458,01_62_WSH_ATL_19,MLB,2019-05-29,19:20:00,WSH,ATL
459,01_62_CHC_HOU_20,MLB,2019-05-29,20:00:00,CHC,HOU
460,01_62_KC_CHW_20,MLB,2019-05-29,20:10:00,KC,CHW
461,01_62_ARI_COL_20,MLB,2019-05-29,20:40:00,ARI,COL
462,01_62_NYM_LAD_22,MLB,2019-05-29,22:10:00,NYM,LAD
463,01_63_STL_PHI_13,MLB,2019-05-30,13:05:00,STL,PHI
464,01_63_SF_MIA_13,MLB,2019-05-30,13:10:00,SF,MIA
465,01_63_ARI_COL_15,MLB,2019-05-30,15:10:00,ARI,COL
466,01_63_BOS_NYY_19,MLB,2019-05-30,19:05:00,BOS,NYY
467,01_63_MIL_PIT_19,MLB,2019-05-30,19:05:00,MIL,PIT
468,01_63_MIN_TB_19,MLB,2019-05-30,19:10:00,MIN,TB
469,01_63_KC_TEX_20,MLB,2019-05-30,20:05:00,KC,TEX
470,01_63_CLE_CHW_20,MLB,2019-05-30,20:10:00,CLE,CHW
471,01_63_NYM_LAD_22,MLB,2019-05-30,22:00:00,NYM,LAD
472,01_63_LAA_SEA_22,MLB,2019-05-30,22:10:00,LAA,SEA
473,01_64_SF_BAL_19,MLB,2019-05-31,19:00:00,SF,BAL
474,01_64_BOS_NYY_19,MLB,2019-05-31,19:05:00,BOS,NYY
475,01_64_MIL_PIT_19,MLB,2019-05-31,19:05:00,MIL,PIT
476,01_64_WSH_CIN_19,MLB,2019-05-31,19:10:00,WSH,CIN
477,01_64_MIN_TB_19,MLB,2019-05-31,19:10:00,MIN,TB
478,01_64_DET_ATL_19,MLB,2019-05-31,19:20:00,DET,ATL
479,01_64_KC_TEX_20,MLB,2019-05-31,20:05:00,KC,TEX
480,01_64_CLE_CHW_20,MLB,2019-05-31,20:10:00,CLE,CHW
481,01_64_CHC_STL_20,MLB,2019-05-31,20:15:00,CHC,STL
482,01_64_TOR_COL_20,MLB,2019-05-31,20:40:00,TOR,COL
483,01_64_NYM_ARI_21,MLB,2019-05-31,21:40:00,NYM,ARI
484,01_64_HOU_OAK_22,MLB,2019-05-31,22:07:00,HOU,OAK
485,01_64_PHI_LAD_22,MLB,2019-05-31,22:10:00,PHI,LAD
486,01_64_MIA_SD_22,MLB,2019-05-31,22:10:00,MIA,SD
487,01_64_LAA_SEA_22,MLB,2019-05-31,22:10:00,LAA,SEA
488,01_65_MIN_TB_13,MLB,2019-06-01,13:10:00,MIN,TB
489,01_65_CLE_CHW_14,MLB,2019-06-01,14:10:00,CLE,CHW
490,01_65_SF_BAL_16,MLB,2019-06-01,16:05:00,SF,BAL
491,01_65_MIL_PIT_16,MLB,2019-06-01,16:05:00,MIL,PIT
492,01_65_KC_TEX_16,MLB,2019-06-01,16:05:00,KC,TEX
493,01_65_DET_ATL_16,MLB,2019-06-01,16:10:00,DET,ATL
494,01_65_WSH_CIN_16,MLB,2019-06-01,16:10:00,WSH,CIN
495,01_65_BOS_NYY_19,MLB,2019-06-01,19:15:00,BOS,NYY
496,01_65_LAA_SEA_19,MLB,2019-06-01,19:15:00,LAA,SEA
497,01_65_CHC_STL_19,MLB,2019-06-01,19:15:00,CHC,STL
498,01_65_TOR_COL_21,MLB,2019-06-01,21:10:00,TOR,COL
499,01_65_MIA_SD_22,MLB,2019-06-01,22:00:00,MIA,SD
500,01_65_HOU_OAK_22,MLB,2019-06-01,22:07:00,HOU,OAK
501,01_65_NYM_ARI_22,MLB,2019-06-01,22:10:00,NYM,ARI
502,01_65_PHI_LAD_22,MLB,2019-06-01,22:10:00,PHI,LAD
503,01_66_SF_BAL_13,MLB,2019-06-02,13:05:00,SF,BAL
504,01_66_WSH_CIN_13,MLB,2019-06-02,13:10:00,WSH,CIN
505,01_66_MIN_TB_13,MLB,2019-06-02,13:10:00,MIN,TB
506,01_66_DET_ATL_13,MLB,2019-06-02,13:20:00,DET,ATL
507,01_66_MIL_PIT_13,MLB,2019-06-02,13:35:00,MIL,PIT
508,01_66_CLE_CHW_14,MLB,2019-06-02,14:10:00,CLE,CHW
509,01_66_CHC_STL_14,MLB,2019-06-02,14:15:00,CHC,STL
510,01_66_KC_TEX_15,MLB,2019-06-02,15:05:00,KC,TEX
511,01_66_TOR_COL_15,MLB,2019-06-02,15:10:00,TOR,COL
512,01_66_PHI_LAD_16,MLB,2019-06-02,16:00:00,PHI,LAD
513,01_66_HOU_OAK_16,MLB,2019-06-02,16:07:00,HOU,OAK
514,01_66_NYM_ARI_16,MLB,2019-06-02,16:10:00,NYM,ARI
515,01_66_LAA_SEA_16,MLB,2019-06-02,16:10:00,LAA,SEA
516,01_66_MIA_SD_18,MLB,2019-06-02,18:10:00,MIA,SD
517,01_66_BOS_NYY_19,MLB,2019-06-02,19:00:00,BOS,NYY
518,01_67_LAA_CHC_16,MLB,2019-06-03,16:05:00,LAA,CHC
519,01_67_LAD_ARI_21,MLB,2019-06-03,21:40:00,LAD,ARI
520,01_67_PHI_SD_22,MLB,2019-06-03,22:00:00,PHI,SD
521,01_67_HOU_SEA_22,MLB,2019-06-03,22:00:00,HOU,SEA
522,01_68_ATL_PIT_19,MLB,2019-06-04,19:05:00,ATL,PIT
523,01_68_CHW_WSH_19,MLB,2019-06-04,19:05:00,CHW,WSH
524,01_68_NYY_TOR_19,MLB,2019-06-04,19:07:00,NYY,TOR
525,01_68_MIN_CLE_19,MLB,2019-06-04,19:10:00,MIN,CLE
526,01_68_TB_DET_19,MLB,2019-06-04,19:10:00,TB,DET
527,01_68_SF_NYM_19,MLB,2019-06-04,19:10:00,SF,NYM
528,01_68_MIA_MIL_19,MLB,2019-06-04,19:40:00,MIA,MIL
529,01_68_BOS_KC_20,MLB,2019-06-04,20:00:00,BOS,KC
530,01_68_COL_CHC_20,MLB,2019-06-04,20:05:00,COL,CHC
531,01_68_BAL_TEX_20,MLB,2019-06-04,20:05:00,BAL,TEX
532,01_68_CIN_STL_20,MLB,2019-06-04,20:15:00,CIN,STL
533,01_68_LAD_ARI_21,MLB,2019-06-04,21:40:00,LAD,ARI
534,01_68_OAK_LAA_22,MLB,2019-06-04,22:07:00,OAK,LAA
535,01_68_PHI_SD_22,MLB,2019-06-04,22:10:00,PHI,SD
536,01_68_HOU_SEA_22,MLB,2019-06-04,22:10:00,HOU,SEA
537,01_69_CHW_WSH_13,MLB,2019-06-05,13:05:00,CHW,WSH
538,01_69_LAD_ARI_15,MLB,2019-06-05,15:40:00,LAD,ARI
539,01_69_PHI_SD_15,MLB,2019-06-05,15:40:00,PHI,SD
540,01_69_ATL_PIT_19,MLB,2019-06-05,19:05:00,ATL,PIT
541,01_69_NYY_TOR_19,MLB,2019-06-05,19:07:00,NYY,TOR
542,01_69_MIN_CLE_19,MLB,2019-06-05,19:10:00,MIN,CLE
543,01_69_TB_DET_19,MLB,2019-06-05,19:10:00,TB,DET
544,01_69_SF_NYM_19,MLB,2019-06-05,19:10:00,SF,NYM
545,01_69_MIA_MIL_19,MLB,2019-06-05,19:40:00,MIA,MIL
546,01_69_COL_CHC_20,MLB,2019-06-05,20:05:00,COL,CHC
547,01_69_BAL_TEX_20,MLB,2019-06-05,20:05:00,BAL,TEX
548,01_69_BOS_KC_20,MLB,2019-06-05,20:15:00,BOS,KC
549,01_69_CIN_STL_20,MLB,2019-06-05,20:15:00,CIN,STL
550,01_69_OAK_LAA_22,MLB,2019-06-05,22:07:00,OAK,LAA
551,01_69_HOU_SEA_22,MLB,2019-06-05,22:10:00,HOU,SEA
552,01_70_SF_NYM_12,MLB,2019-06-06,12:10:00,SF,NYM
553,01_70_ATL_PIT_12,MLB,2019-06-06,12:35:00,ATL,PIT
554,01_70_TB_DET_13,MLB,2019-06-06,13:10:00,TB,DET
555,01_70_BOS_KC_13,MLB,2019-06-06,13:15:00,BOS,KC
556,01_70_CIN_STL_13,MLB,2019-06-06,13:15:00,CIN,STL
557,01_70_MIA_MIL_14,MLB,2019-06-06,14:10:00,MIA,MIL
558,01_70_COL_CHC_14,MLB,2019-06-06,14:20:00,COL,CHC
559,01_70_HOU_SEA_15,MLB,2019-06-06,15:40:00,HOU,SEA
560,01_70_MIN_CLE_19,MLB,2019-06-06,19:00:00,MIN,CLE
561,01_70_NYY_TOR_19,MLB,2019-06-06,19:00:00,NYY,TOR
562,01_70_BAL_TEX_20,MLB,2019-06-06,20:05:00,BAL,TEX
563,01_70_OAK_LAA_22,MLB,2019-06-06,22:07:00,OAK,LAA
564,01_70_WSH_SD_22,MLB,2019-06-06,22:10:00,WSH,SD
565,01_71_STL_CHC_14,MLB,2019-06-07,14:20:00,STL,CHC
566,01_71_CIN_PHI_19,MLB,2019-06-07,19:05:00,CIN,PHI
567,01_71_ARI_TOR_19,MLB,2019-06-07,19:07:00,ARI,TOR
568,01_71_TB_BOS_19,MLB,2019-06-07,19:10:00,TB,BOS
569,01_71_NYY_CLE_19,MLB,2019-06-07,19:10:00,NYY,CLE
570,01_71_MIN_DET_19,MLB,2019-06-07,19:10:00,MIN,DET
571,01_71_ATL_MIA_19,MLB,2019-06-07,19:10:00,ATL,MIA
572,01_71_COL_NYM_19,MLB,2019-06-07,19:10:00,COL,NYM
573,01_71_OAK_TEX_20,MLB,2019-06-07,20:05:00,OAK,TEX
574,01_71_BAL_HOU_20,MLB,2019-06-07,20:10:00,BAL,HOU
575,01_71_PIT_MIL_20,MLB,2019-06-07,20:10:00,PIT,MIL
576,01_71_CHW_KC_20,MLB,2019-06-07,20:15:00,CHW,KC
577,01_71_SEA_LAA_22,MLB,2019-06-07,22:07:00,SEA,LAA
578,01_71_WSH_SD_22,MLB,2019-06-07,22:10:00,WSH,SD
579,01_71_LAD_SF_22,MLB,2019-06-07,22:15:00,LAD,SF
580,01_72_TB_BOS_13,MLB,2019-06-08,13:05:00,TB,BOS
581,01_72_OAK_TEX_14,MLB,2019-06-08,14:05:00,OAK,TEX
582,01_72_CHW_KC_14,MLB,2019-06-08,14:15:00,CHW,KC
583,01_72_ARI_TOR_15,MLB,2019-06-08,15:07:00,ARI,TOR
584,01_72_CIN_PHI_16,MLB,2019-06-08,16:05:00,CIN,PHI
585,01_72_NYY_CLE_16,MLB,2019-06-08,16:10:00,NYY,CLE
586,01_72_MIN_DET_16,MLB,2019-06-08,16:10:00,MIN,DET
587,01_72_ATL_MIA_16,MLB,2019-06-08,16:10:00,ATL,MIA
588,01_72_BAL_HOU_16,MLB,2019-06-08,16:10:00,BAL,HOU
589,01_72_PIT_MIL_16,MLB,2019-06-08,16:10:00,PIT,MIL
590,01_72_TB_BOS_18,MLB,2019-06-08,18:10:00,TB,BOS
591,01_72_STL_CHC_19,MLB,2019-06-08,19:15:00,STL,CHC
592,01_72_COL_NYM_19,MLB,2019-06-08,19:15:00,COL,NYM
593,01_72_LAD_SF_19,MLB,2019-06-08,19:15:00,LAD,SF
594,01_72_OAK_TEX_21,MLB,2019-06-08,21:05:00,OAK,TEX
595,01_72_WSH_SD_22,MLB,2019-06-08,22:00:00,WSH,SD
596,01_72_SEA_LAA_22,MLB,2019-06-08,22:07:00,SEA,LAA
597,01_73_TB_BOS_13,MLB,2019-06-09,13:05:00,TB,BOS
598,01_73_CIN_PHI_13,MLB,2019-06-09,13:05:00,CIN,PHI
599,01_73_ARI_TOR_13,MLB,2019-06-09,13:07:00,ARI,TOR
600,01_73_NYY_CLE_13,MLB,2019-06-09,13:10:00,NYY,CLE
601,01_73_MIN_DET_13,MLB,2019-06-09,13:10:00,MIN,DET
602,01_73_ATL_MIA_13,MLB,2019-06-09,13:10:00,ATL,MIA
603,01_73_COL_NYM_13,MLB,2019-06-09,13:10:00,COL,NYM
604,01_73_BAL_HOU_14,MLB,2019-06-09,14:10:00,BAL,HOU
605,01_73_PIT_MIL_14,MLB,2019-06-09,14:10:00,PIT,MIL
606,01_73_CHW_KC_14,MLB,2019-06-09,14:15:00,CHW,KC
607,01_73_OAK_TEX_15,MLB,2019-06-09,15:05:00,OAK,TEX
608,01_73_SEA_LAA_16,MLB,2019-06-09,16:00:00,SEA,LAA
609,01_73_LAD_SF_16,MLB,2019-06-09,16:05:00,LAD,SF
610,01_73_WSH_SD_16,MLB,2019-06-09,16:10:00,WSH,SD
611,01_73_STL_CHC_19,MLB,2019-06-09,19:00:00,STL,CHC
612,01_74_OAK_TB_19,MLB,2019-06-10,19:00:00,OAK,TB
613,01_74_NYM_NYY_19,MLB,2019-06-10,19:05:00,NYM,NYY
614,01_74_ARI_PHI_19,MLB,2019-06-10,19:05:00,ARI,PHI
615,01_74_TEX_BOS_19,MLB,2019-06-10,19:10:00,TEX,BOS
616,01_74_STL_MIA_19,MLB,2019-06-10,19:10:00,STL,MIA
617,01_74_PIT_ATL_19,MLB,2019-06-10,19:20:00,PIT,ATL
618,01_74_WSH_CHW_20,MLB,2019-06-10,20:10:00,WSH,CHW
619,01_74_CHC_COL_20,MLB,2019-06-10,20:40:00,CHC,COL
620,01_74_LAD_LAA_22,MLB,2019-06-10,22:07:00,LAD,LAA
621,01_75_CIN_CLE_19,MLB,2019-06-11,19:00:00,CIN,CLE
622,01_75_NYM_NYY_19,MLB,2019-06-11,19:00:00,NYM,NYY
623,01_75_TOR_BAL_19,MLB,2019-06-11,19:05:00,TOR,BAL
624,01_75_ARI_PHI_19,MLB,2019-06-11,19:05:00,ARI,PHI
625,01_75_TEX_BOS_19,MLB,2019-06-11,19:10:00,TEX,BOS
626,01_75_STL_MIA_19,MLB,2019-06-11,19:10:00,STL,MIA
627,01_75_OAK_TB_19,MLB,2019-06-11,19:10:00,OAK,TB
628,01_75_PIT_ATL_19,MLB,2019-06-11,19:20:00,PIT,ATL
629,01_75_WSH_CHW_20,MLB,2019-06-11,20:10:00,WSH,CHW
630,01_75_MIL_HOU_20,MLB,2019-06-11,20:10:00,MIL,HOU
631,01_75_SEA_MIN_20,MLB,2019-06-11,20:10:00,SEA,MIN
632,01_75_DET_KC_20,MLB,2019-06-11,20:15:00,DET,KC
633,01_75_CHC_COL_20,MLB,2019-06-11,20:40:00,CHC,COL
634,01_75_SD_SF_21,MLB,2019-06-11,21:45:00,SD,SF
635,01_75_LAD_LAA_22,MLB,2019-06-11,22:07:00,LAD,LAA
636,01_76_OAK_TB_12,MLB,2019-06-12,12:10:00,OAK,TB
637,01_76_CIN_CLE_13,MLB,2019-06-12,13:10:00,CIN,CLE
638,01_76_CHC_COL_15,MLB,2019-06-12,15:10:00,CHC,COL
639,01_76_TEX_BOS_16,MLB,2019-06-12,16:05:00,TEX,BOS
640,01_76_TOR_BAL_19,MLB,2019-06-12,19:05:00,TOR,BAL
641,01_76_ARI_PHI_19,MLB,2019-06-12,19:05:00,ARI,PHI
642,01_76_STL_MIA_19,MLB,2019-06-12,19:10:00,STL,MIA
643,01_76_PIT_ATL_19,MLB,2019-06-12,19:20:00,PIT,ATL
644,01_76_DET_KC_20,MLB,2019-06-12,20:00:00,DET,KC
645,01_76_MIL_HOU_20,MLB,2019-06-12,20:10:00,MIL,HOU
646,01_76_SEA_MIN_20,MLB,2019-06-12,20:10:00,SEA,MIN
647,01_76_SD_SF_21,MLB,2019-06-12,21:45:00,SD,SF
648,01_77_PIT_ATL_12,MLB,2019-06-13,12:10:00,PIT,ATL
649,01_77_SEA_MIN_13,MLB,2019-06-13,13:10:00,SEA,MIN
650,01_77_TOR_BAL_19,MLB,2019-06-13,19:00:00,TOR,BAL
651,01_77_ARI_WSH_19,MLB,2019-06-13,19:05:00,ARI,WSH
652,01_77_TEX_BOS_19,MLB,2019-06-13,19:10:00,TEX,BOS
653,01_77_STL_NYM_19,MLB,2019-06-13,19:10:00,STL,NYM
654,01_77_LAA_TB_19,MLB,2019-06-13,19:10:00,LAA,TB
655,01_77_DET_KC_20,MLB,2019-06-13,20:00:00,DET,KC
656,01_77_NYY_CHW_20,MLB,2019-06-13,20:10:00,NYY,CHW
657,01_77_SD_COL_20,MLB,2019-06-13,20:40:00,SD,COL
658,01_77_CHC_LAD_22,MLB,2019-06-13,22:10:00,CHC,LAD
659,01_78_BOS_BAL_19,MLB,2019-06-14,19:05:00,BOS,BAL
660,01_78_ARI_WSH_19,MLB,2019-06-14,19:05:00,ARI,WSH
661,01_78_TEX_CIN_19,MLB,2019-06-14,19:10:00,TEX,CIN
662,01_78_CLE_DET_19,MLB,2019-06-14,19:10:00,CLE,DET
663,01_78_PIT_MIA_19,MLB,2019-06-14,19:10:00,PIT,MIA
664,01_78_STL_NYM_19,MLB,2019-06-14,19:10:00,STL,NYM
665,01_78_LAA_TB_19,MLB,2019-06-14,19:10:00,LAA,TB
666,01_78_PHI_ATL_19,MLB,2019-06-14,19:20:00,PHI,ATL
667,01_78_NYY_CHW_20,MLB,2019-06-14,20:10:00,NYY,CHW
668,01_78_TOR_HOU_20,MLB,2019-06-14,20:10:00,TOR,HOU
669,01_78_KC_MIN_20,MLB,2019-06-14,20:10:00,KC,MIN
670,01_78_SD_COL_20,MLB,2019-06-14,20:40:00,SD,COL
671,01_78_SEA_OAK_21,MLB,2019-06-14,21:37:00,SEA,OAK
672,01_78_CHC_LAD_22,MLB,2019-06-14,22:00:00,CHC,LAD
673,01_78_MIL_SF_22,MLB,2019-06-14,22:15:00,MIL,SF
674,01_79_LAA_TB_13,MLB,2019-06-15,13:00:00,LAA,TB
675,01_79_BOS_BAL_16,MLB,2019-06-15,16:05:00,BOS,BAL
676,01_79_MIL_SF_16,MLB,2019-06-15,16:05:00,MIL,SF
677,01_79_ARI_WSH_16,MLB,2019-06-15,16:05:00,ARI,WSH
678,01_79_TOR_HOU_16,MLB,2019-06-15,16:10:00,TOR,HOU
679,01_79_CLE_DET_18,MLB,2019-06-15,18:10:00,CLE,DET
680,01_79_PIT_MIA_18,MLB,2019-06-15,18:10:00,PIT,MIA
681,01_79_NYY_CHW_19,MLB,2019-06-15,19:10:00,NYY,CHW
682,01_79_TEX_CIN_19,MLB,2019-06-15,19:10:00,TEX,CIN
683,01_79_KC_MIN_19,MLB,2019-06-15,19:10:00,KC,MIN
684,01_79_STL_NYM_19,MLB,2019-06-15,19:10:00,STL,NYM
685,01_79_PHI_ATL_19,MLB,2019-06-15,19:20:00,PHI,ATL
686,01_79_SD_COL_20,MLB,2019-06-15,20:10:00,SD,COL
687,01_79_SEA_OAK_21,MLB,2019-06-15,21:07:00,SEA,OAK
688,01_79_CHC_LAD_21,MLB,2019-06-15,21:10:00,CHC,LAD
689,01_80_TEX_CIN_13,MLB,2019-06-16,13:00:00,TEX,CIN
690,01_80_BOS_BAL_13,MLB,2019-06-16,13:05:00,BOS,BAL
691,01_80_CLE_DET_13,MLB,2019-06-16,13:10:00,CLE,DET
692,01_80_PIT_MIA_13,MLB,2019-06-16,13:10:00,PIT,MIA
693,01_80_STL_NYM_13,MLB,2019-06-16,13:10:00,STL,NYM
694,01_80_LAA_TB_13,MLB,2019-06-16,13:10:00,LAA,TB
695,01_80_PHI_ATL_13,MLB,2019-06-16,13:20:00,PHI,ATL
696,01_80_ARI_WSH_13,MLB,2019-06-16,13:35:00,ARI,WSH
697,01_80_NYY_CHW_14,MLB,2019-06-16,14:10:00,NYY,CHW
698,01_80_TOR_HOU_14,MLB,2019-06-16,14:10:00,TOR,HOU
699,01_80_KC_MIN_14,MLB,2019-06-16,14:10:00,KC,MIN
700,01_80_SD_COL_15,MLB,2019-06-16,15:10:00,SD,COL
701,01_80_MIL_SF_16,MLB,2019-06-16,16:05:00,MIL,SF
702,01_80_SEA_OAK_16,MLB,2019-06-16,16:07:00,SEA,OAK
703,01_80_CHC_LAD_19,MLB,2019-06-16,19:00:00,CHC,LAD
704,01_81_TB_NYY_19,MLB,2019-06-17,19:05:00,TB,NYY
705,01_81_PHI_WSH_19,MLB,2019-06-17,19:05:00,PHI,WSH
706,01_81_LAA_TOR_19,MLB,2019-06-17,19:07:00,LAA,TOR
707,01_81_HOU_CIN_19,MLB,2019-06-17,19:10:00,HOU,CIN
708,01_81_NYM_ATL_19,MLB,2019-06-17,19:20:00,NYM,ATL
709,01_81_CLE_TEX_20,MLB,2019-06-17,20:05:00,CLE,TEX
710,01_81_BOS_MIN_20,MLB,2019-06-17,20:10:00,BOS,MIN
711,01_81_MIA_STL_20,MLB,2019-06-17,20:15:00,MIA,STL
712,01_81_SF_LAD_22,MLB,2019-06-17,22:00:00,SF,LAD
713,01_81_BAL_OAK_22,MLB,2019-06-17,22:07:00,BAL,OAK
714,01_81_MIL_SD_22,MLB,2019-06-17,22:10:00,MIL,SD
715,01_81_KC_SEA_22,MLB,2019-06-17,22:10:00,KC,SEA
716,01_82_TB_NYY_19,MLB,2019-06-18,19:05:00,TB,NYY
717,01_82_DET_PIT_19,MLB,2019-06-18,19:05:00,DET,PIT
718,01_82_PHI_WSH_19,MLB,2019-06-18,19:05:00,PHI,WSH
719,01_82_LAA_TOR_19,MLB,2019-06-18,19:07:00,LAA,TOR
720,01_82_HOU_CIN_19,MLB,2019-06-18,19:10:00,HOU,CIN
721,01_82_NYM_ATL_19,MLB,2019-06-18,19:20:00,NYM,ATL
722,01_82_CHW_CHC_20,MLB,2019-06-18,20:00:00,CHW,CHC
723,01_82_CLE_TEX_20,MLB,2019-06-18,20:05:00,CLE,TEX
724,01_82_BOS_MIN_20,MLB,2019-06-18,20:10:00,BOS,MIN
725,01_82_MIA_STL_20,MLB,2019-06-18,20:15:00,MIA,STL
726,01_82_COL_ARI_21,MLB,2019-06-18,21:40:00,COL,ARI
727,01_82_BAL_OAK_22,MLB,2019-06-18,22:07:00,BAL,OAK
728,01_82_SF_LAD_22,MLB,2019-06-18,22:10:00,SF,LAD
729,01_82_MIL_SD_22,MLB,2019-06-18,22:10:00,MIL,SD
730,01_82_KC_SEA_22,MLB,2019-06-18,22:10:00,KC,SEA
731,01_83_HOU_CIN_12,MLB,2019-06-19,12:35:00,HOU,CIN
732,01_83_TB_NYY_13,MLB,2019-06-19,13:05:00,TB,NYY
733,01_83_PHI_WSH_13,MLB,2019-06-19,13:05:00,PHI,WSH
734,01_83_BAL_OAK_15,MLB,2019-06-19,15:37:00,BAL,OAK
735,01_83_MIL_SD_15,MLB,2019-06-19,15:40:00,MIL,SD
736,01_83_KC_SEA_18,MLB,2019-06-19,18:40:00,KC,SEA
737,01_83_DET_PIT_19,MLB,2019-06-19,19:05:00,DET,PIT
738,01_83_PHI_WSH_19,MLB,2019-06-19,19:05:00,PHI,WSH
739,01_83_LAA_TOR_19,MLB,2019-06-19,19:07:00,LAA,TOR
740,01_83_NYM_ATL_19,MLB,2019-06-19,19:20:00,NYM,ATL
741,01_83_CHW_CHC_20,MLB,2019-06-19,20:05:00,CHW,CHC
742,01_83_CLE_TEX_20,MLB,2019-06-19,20:05:00,CLE,TEX
743,01_83_BOS_MIN_20,MLB,2019-06-19,20:10:00,BOS,MIN
744,01_83_MIA_STL_20,MLB,2019-06-19,20:15:00,MIA,STL
745,01_83_COL_ARI_21,MLB,2019-06-19,21:40:00,COL,ARI
746,01_83_SF_LAD_22,MLB,2019-06-19,22:00:00,SF,LAD
747,01_84_CLE_TEX_14,MLB,2019-06-20,14:05:00,CLE,TEX
748,01_84_COL_ARI_15,MLB,2019-06-20,15:40:00,COL,ARI
749,01_84_HOU_NYY_19,MLB,2019-06-20,19:05:00,HOU,NYY
750,01_84_PHI_WSH_19,MLB,2019-06-20,19:05:00,PHI,WSH
751,01_84_LAA_TOR_19,MLB,2019-06-20,19:07:00,LAA,TOR
752,01_84_MIA_STL_19,MLB,2019-06-20,19:15:00,MIA,STL
753,01_84_CIN_MIL_20,MLB,2019-06-20,20:00:00,CIN,MIL
754,01_84_NYM_CHC_20,MLB,2019-06-20,20:05:00,NYM,CHC
755,01_84_MIN_KC_20,MLB,2019-06-20,20:15:00,MIN,KC
756,01_84_TB_OAK_22,MLB,2019-06-20,22:07:00,TB,OAK
757,01_84_SF_LAD_22,MLB,2019-06-20,22:10:00,SF,LAD
758,01_84_BAL_SEA_22,MLB,2019-06-20,22:10:00,BAL,SEA
759,01_85_NYM_CHC_14,MLB,2019-06-21,14:20:00,NYM,CHC
760,01_85_HOU_NYY_19,MLB,2019-06-21,19:05:00,HOU,NYY
761,01_85_MIA_PHI_19,MLB,2019-06-21,19:05:00,MIA,PHI
762,01_85_SD_PIT_19,MLB,2019-06-21,19:05:00,SD,PIT
763,01_85_ATL_WSH_19,MLB,2019-06-21,19:05:00,ATL,WSH
764,01_85_TOR_BOS_19,MLB,2019-06-21,19:10:00,TOR,BOS
765,01_85_DET_CLE_19,MLB,2019-06-21,19:10:00,DET,CLE
766,01_85_LAA_STL_20,MLB,2019-06-21,20:00:00,LAA,STL
767,01_85_CHW_TEX_20,MLB,2019-06-21,20:05:00,CHW,TEX
768,01_85_CIN_MIL_20,MLB,2019-06-21,20:10:00,CIN,MIL
769,01_85_MIN_KC_20,MLB,2019-06-21,20:15:00,MIN,KC
770,01_85_SF_ARI_21,MLB,2019-06-21,21:40:00,SF,ARI
771,01_85_TB_OAK_22,MLB,2019-06-21,22:07:00,TB,OAK
772,01_85_COL_LAD_22,MLB,2019-06-21,22:10:00,COL,LAD
773,01_85_BAL_SEA_22,MLB,2019-06-21,22:10:00,BAL,SEA
774,01_86_MIN_KC_14,MLB,2019-06-22,14:15:00,MIN,KC
775,01_86_LAA_STL_14,MLB,2019-06-22,14:15:00,LAA,STL
776,01_86_NYM_CHC_14,MLB,2019-06-22,14:20:00,NYM,CHC
777,01_86_TOR_BOS_16,MLB,2019-06-22,16:05:00,TOR,BOS
778,01_86_MIA_PHI_16,MLB,2019-06-22,16:05:00,MIA,PHI
779,01_86_SD_PIT_16,MLB,2019-06-22,16:05:00,SD,PIT
780,01_86_TB_OAK_16,MLB,2019-06-22,16:07:00,TB,OAK
781,01_86_DET_CLE_16,MLB,2019-06-22,16:10:00,DET,CLE
782,01_86_CIN_MIL_16,MLB,2019-06-22,16:10:00,CIN,MIL
783,01_86_BAL_SEA_16,MLB,2019-06-22,16:10:00,BAL,SEA
784,01_86_COL_LAD_19,MLB,2019-06-22,19:15:00,COL,LAD
785,01_86_HOU_NYY_19,MLB,2019-06-22,19:15:00,HOU,NYY
786,01_86_ATL_WSH_19,MLB,2019-06-22,19:15:00,ATL,WSH
787,01_86_CHW_TEX_21,MLB,2019-06-22,21:05:00,CHW,TEX
788,01_86_SF_ARI_22,MLB,2019-06-22,22:00:00,SF,ARI
789,01_87_DET_CLE_13,MLB,2019-06-23,13:00:00,DET,CLE
790,01_87_TOR_BOS_13,MLB,2019-06-23,13:05:00,TOR,BOS
791,01_87_MIA_PHI_13,MLB,2019-06-23,13:05:00,MIA,PHI
792,01_87_SD_PIT_13,MLB,2019-06-23,13:35:00,SD,PIT
793,01_87_ATL_WSH_13,MLB,2019-06-23,13:35:00,ATL,WSH
794,01_87_HOU_NYY_14,MLB,2019-06-23,14:05:00,HOU,NYY
795,01_87_CIN_MIL_14,MLB,2019-06-23,14:10:00,CIN,MIL
796,01_87_MIN_KC_14,MLB,2019-06-23,14:15:00,MIN,KC
797,01_87_NYM_CHC_14,MLB,2019-06-23,14:20:00,NYM,CHC
798,01_87_CHW_TEX_15,MLB,2019-06-23,15:05:00,CHW,TEX
799,01_87_TB_OAK_16,MLB,2019-06-23,16:07:00,TB,OAK
800,01_87_SF_ARI_16,MLB,2019-06-23,16:10:00,SF,ARI
801,01_87_COL_LAD_16,MLB,2019-06-23,16:10:00,COL,LAD
802,01_87_BAL_SEA_16,MLB,2019-06-23,16:10:00,BAL,SEA
803,01_87_LAA_STL_19,MLB,2019-06-23,19:00:00,LAA,STL
804,01_88_TOR_NYY_19,MLB,2019-06-24,19:00:00,TOR,NYY
805,01_88_NYM_PHI_19,MLB,2019-06-24,19:05:00,NYM,PHI
806,01_88_CHW_BOS_19,MLB,2019-06-24,19:10:00,CHW,BOS
807,01_88_KC_CLE_19,MLB,2019-06-24,19:10:00,KC,CLE
808,01_88_ATL_CHC_20,MLB,2019-06-24,20:05:00,ATL,CHC
809,01_88_LAD_ARI_21,MLB,2019-06-24,21:40:00,LAD,ARI
810,01_88_COL_SF_22,MLB,2019-06-24,22:00:00,COL,SF
811,01_89_TEX_DET_19,MLB,2019-06-25,19:00:00,TEX,DET
812,01_89_SD_BAL_19,MLB,2019-06-25,19:05:00,SD,BAL
813,01_89_TOR_NYY_19,MLB,2019-06-25,19:05:00,TOR,NYY
814,01_89_NYM_PHI_19,MLB,2019-06-25,19:05:00,NYM,PHI
815,01_89_CHW_BOS_19,MLB,2019-06-25,19:10:00,CHW,BOS
816,01_89_KC_CLE_19,MLB,2019-06-25,19:10:00,KC,CLE
817,01_89_WSH_MIA_19,MLB,2019-06-25,19:10:00,WSH,MIA
818,01_89_ATL_CHC_20,MLB,2019-06-25,20:05:00,ATL,CHC
819,01_89_PIT_HOU_20,MLB,2019-06-25,20:10:00,PIT,HOU
820,01_89_SEA_MIL_20,MLB,2019-06-25,20:10:00,SEA,MIL
821,01_89_TB_MIN_20,MLB,2019-06-25,20:10:00,TB,MIN
822,01_89_OAK_STL_20,MLB,2019-06-25,20:15:00,OAK,STL
823,01_89_LAD_ARI_21,MLB,2019-06-25,21:40:00,LAD,ARI
824,01_89_COL_SF_21,MLB,2019-06-25,21:45:00,COL,SF
825,01_89_CIN_LAA_22,MLB,2019-06-25,22:07:00,CIN,LAA
826,01_90_CHW_BOS_13,MLB,2019-06-26,13:05:00,CHW,BOS
827,01_90_TOR_NYY_13,MLB,2019-06-26,13:05:00,TOR,NYY
828,01_90_KC_CLE_13,MLB,2019-06-26,13:10:00,KC,CLE
829,01_90_SD_BAL_15,MLB,2019-06-26,15:05:00,SD,BAL
830,01_90_LAD_ARI_15,MLB,2019-06-26,15:40:00,LAD,ARI
831,01_90_COL_SF_15,MLB,2019-06-26,15:45:00,COL,SF
832,01_90_NYM_PHI_19,MLB,2019-06-26,19:05:00,NYM,PHI
833,01_90_TEX_DET_19,MLB,2019-06-26,19:10:00,TEX,DET
834,01_90_WSH_MIA_19,MLB,2019-06-26,19:10:00,WSH,MIA
835,01_90_OAK_STL_19,MLB,2019-06-26,19:15:00,OAK,STL
836,01_90_SEA_MIL_20,MLB,2019-06-26,20:00:00,SEA,MIL
837,01_90_ATL_CHC_20,MLB,2019-06-26,20:05:00,ATL,CHC
838,01_90_CIN_LAA_20,MLB,2019-06-26,20:07:00,CIN,LAA
839,01_90_PIT_HOU_20,MLB,2019-06-26,20:10:00,PIT,HOU
840,01_90_TB_MIN_20,MLB,2019-06-26,20:10:00,TB,MIN
841,01_91_NYM_PHI_13,MLB,2019-06-27,13:05:00,NYM,PHI
842,01_91_TEX_DET_13,MLB,2019-06-27,13:10:00,TEX,DET
843,01_91_TB_MIN_13,MLB,2019-06-27,13:10:00,TB,MIN
844,01_91_PIT_HOU_14,MLB,2019-06-27,14:10:00,PIT,HOU
845,01_91_SEA_MIL_14,MLB,2019-06-27,14:10:00,SEA,MIL
846,01_91_ATL_CHC_14,MLB,2019-06-27,14:20:00,ATL,CHC
847,01_91_WSH_MIA_19,MLB,2019-06-27,19:00:00,WSH,MIA
848,01_91_LAD_COL_20,MLB,2019-06-27,20:40:00,LAD,COL
849,01_91_ARI_SF_21,MLB,2019-06-27,21:45:00,ARI,SF
850,01_91_OAK_LAA_22,MLB,2019-06-27,22:07:00,OAK,LAA
851,01_92_CLE_BAL_19,MLB,2019-06-28,19:05:00,CLE,BAL
852,01_92_KC_TOR_19,MLB,2019-06-28,19:07:00,KC,TOR
853,01_92_CHC_CIN_19,MLB,2019-06-28,19:10:00,CHC,CIN
854,01_92_WSH_DET_19,MLB,2019-06-28,19:10:00,WSH,DET
855,01_92_PHI_MIA_19,MLB,2019-06-28,19:10:00,PHI,MIA
856,01_92_ATL_NYM_19,MLB,2019-06-28,19:10:00,ATL,NYM
857,01_92_TEX_TB_19,MLB,2019-06-28,19:10:00,TEX,TB
858,01_92_PIT_MIL_20,MLB,2019-06-28,20:00:00,PIT,MIL
859,01_92_MIN_CHW_20,MLB,2019-06-28,20:10:00,MIN,CHW
860,01_92_SEA_HOU_20,MLB,2019-06-28,20:10:00,SEA,HOU
861,01_92_LAD_COL_20,MLB,2019-06-28,20:40:00,LAD,COL
862,01_92_OAK_LAA_22,MLB,2019-06-28,22:07:00,OAK,LAA
863,01_92_STL_SD_22,MLB,2019-06-28,22:10:00,STL,SD
864,01_92_ARI_SF_22,MLB,2019-06-28,22:15:00,ARI,SF
865,01_93_NYY_BOS_13,MLB,2019-06-29,13:10:00,NYY,BOS
866,01_93_CLE_BAL_16,MLB,2019-06-29,16:05:00,CLE,BAL
867,01_93_KC_TOR_16,MLB,2019-06-29,16:07:00,KC,TOR
868,01_93_CHC_CIN_16,MLB,2019-06-29,16:10:00,CHC,CIN
869,01_93_WSH_DET_16,MLB,2019-06-29,16:10:00,WSH,DET
870,01_93_PHI_MIA_16,MLB,2019-06-29,16:10:00,PHI,MIA
871,01_93_ATL_NYM_16,MLB,2019-06-29,16:10:00,ATL,NYM
872,01_93_TEX_TB_16,MLB,2019-06-29,16:10:00,TEX,TB
873,01_93_MIN_CHW_16,MLB,2019-06-29,16:12:00,MIN,CHW
874,01_93_LAD_COL_20,MLB,2019-06-29,20:15:00,LAD,COL
875,01_93_SEA_HOU_20,MLB,2019-06-29,20:15:00,SEA,HOU
876,01_93_PIT_MIL_20,MLB,2019-06-29,20:15:00,PIT,MIL
877,01_93_ARI_SF_22,MLB,2019-06-29,22:05:00,ARI,SF
878,01_93_OAK_LAA_22,MLB,2019-06-29,22:07:00,OAK,LAA
879,01_93_STL_SD_22,MLB,2019-06-29,22:10:00,STL,SD
880,01_94_NYY_BOS_10,MLB,2019-06-30,10:00:00,NYY,BOS
881,01_94_CLE_BAL_13,MLB,2019-06-30,13:05:00,CLE,BAL
882,01_94_KC_TOR_13,MLB,2019-06-30,13:07:00,KC,TOR
883,01_94_CHC_CIN_13,MLB,2019-06-30,13:10:00,CHC,CIN
884,01_94_WSH_DET_13,MLB,2019-06-30,13:10:00,WSH,DET
885,01_94_PHI_MIA_13,MLB,2019-06-30,13:10:00,PHI,MIA
886,01_94_TEX_TB_13,MLB,2019-06-30,13:10:00,TEX,TB
887,01_94_MIN_CHW_14,MLB,2019-06-30,14:00:00,MIN,CHW
888,01_94_SEA_HOU_14,MLB,2019-06-30,14:10:00,SEA,HOU
889,01_94_PIT_MIL_14,MLB,2019-06-30,14:10:00,PIT,MIL
890,01_94_LAD_COL_15,MLB,2019-06-30,15:10:00,LAD,COL
891,01_94_ARI_SF_16,MLB,2019-06-30,16:05:00,ARI,SF
892,01_94_OAK_LAA_16,MLB,2019-06-30,16:07:00,OAK,LAA
893,01_94_STL_SD_16,MLB,2019-06-30,16:10:00,STL,SD
894,01_94_ATL_NYM_19,MLB,2019-06-30,19:00:00,ATL,NYM
895,01_95_KC_TOR_13,MLB,2019-07-01,13:07:00,KC,TOR
896,01_95_CHC_PIT_19,MLB,2019-07-01,19:00:00,CHC,PIT
897,01_95_MIL_CIN_19,MLB,2019-07-01,19:10:00,MIL,CIN
898,01_95_BAL_TB_19,MLB,2019-07-01,19:10:00,BAL,TB
899,01_95_LAA_TEX_20,MLB,2019-07-01,20:05:00,LAA,TEX
900,01_95_SF_SD_22,MLB,2019-07-01,22:10:00,SF,SD
901,01_96_CHC_PIT_19,MLB,2019-07-02,19:05:00,CHC,PIT
902,01_96_MIA_WSH_19,MLB,2019-07-02,19:05:00,MIA,WSH
903,01_96_BOS_TOR_19,MLB,2019-07-02,19:07:00,BOS,TOR
904,01_96_MIL_CIN_19,MLB,2019-07-02,19:10:00,MIL,CIN
905,01_96_NYY_NYM_19,MLB,2019-07-02,19:10:00,NYY,NYM
906,01_96_BAL_TB_19,MLB,2019-07-02,19:10:00,BAL,TB
907,01_96_PHI_ATL_19,MLB,2019-07-02,19:20:00,PHI,ATL
908,01_96_LAA_TEX_20,MLB,2019-07-02,20:05:00,LAA,TEX
909,01_96_DET_CHW_20,MLB,2019-07-02,20:10:00,DET,CHW
910,01_96_HOU_COL_20,MLB,2019-07-02,20:10:00,HOU,COL
911,01_96_CLE_KC_20,MLB,2019-07-02,20:15:00,CLE,KC
912,01_96_MIN_OAK_22,MLB,2019-07-02,22:07:00,MIN,OAK
913,01_96_ARI_LAD_22,MLB,2019-07-02,22:10:00,ARI,LAD
914,01_96_SF_SD_22,MLB,2019-07-02,22:10:00,SF,SD
915,01_96_STL_SEA_22,MLB,2019-07-02,22:10:00,STL,SEA
916,01_97_DET_CHW_14,MLB,2019-07-03,14:10:00,DET,CHW
917,01_97_MIA_WSH_18,MLB,2019-07-03,18:05:00,MIA,WSH
918,01_97_NYY_NYM_19,MLB,2019-07-03,19:00:00,NYY,NYM
919,01_97_CHC_PIT_19,MLB,2019-07-03,19:05:00,CHC,PIT
920,01_97_BOS_TOR_19,MLB,2019-07-03,19:07:00,BOS,TOR
921,01_97_MIL_CIN_19,MLB,2019-07-03,19:10:00,MIL,CIN
922,01_97_BAL_TB_19,MLB,2019-07-03,19:10:00,BAL,TB
923,01_97_PHI_ATL_19,MLB,2019-07-03,19:20:00,PHI,ATL
924,01_97_LAA_TEX_20,MLB,2019-07-03,20:05:00,LAA,TEX
925,01_97_DET_CHW_20,MLB,2019-07-03,20:10:00,DET,CHW
926,01_97_HOU_COL_20,MLB,2019-07-03,20:10:00,HOU,COL
927,01_97_CLE_KC_20,MLB,2019-07-03,20:15:00,CLE,KC
928,01_97_MIN_OAK_21,MLB,2019-07-03,21:07:00,MIN,OAK
929,01_97_SF_SD_21,MLB,2019-07-03,21:10:00,SF,SD
930,01_97_ARI_LAD_22,MLB,2019-07-03,22:10:00,ARI,LAD
931,01_97_STL_SEA_22,MLB,2019-07-03,22:10:00,STL,SEA
932,01_98_MIA_WSH_11,MLB,2019-07-04,11:05:00,MIA,WSH
933,01_98_CLE_KC_13,MLB,2019-07-04,13:15:00,CLE,KC
934,01_98_DET_CHW_14,MLB,2019-07-04,14:10:00,DET,CHW
935,01_98_MIL_CIN_14,MLB,2019-07-04,14:10:00,MIL,CIN
936,01_98_CHC_PIT_16,MLB,2019-07-04,16:00:00,CHC,PIT
937,01_98_MIN_OAK_16,MLB,2019-07-04,16:07:00,MIN,OAK
938,01_98_STL_SEA_16,MLB,2019-07-04,16:10:00,STL,SEA
939,01_98_NYY_TB_17,MLB,2019-07-04,17:10:00,NYY,TB
940,01_98_PHI_ATL_19,MLB,2019-07-04,19:00:00,PHI,ATL
941,01_98_BOS_TOR_19,MLB,2019-07-04,19:07:00,BOS,TOR
942,01_98_LAA_TEX_20,MLB,2019-07-04,20:05:00,LAA,TEX
943,01_98_SD_LAD_21,MLB,2019-07-04,21:10:00,SD,LAD
944,01_99_MIL_PIT_19,MLB,2019-07-05,19:05:00,MIL,PIT
945,01_99_KC_WSH_19,MLB,2019-07-05,19:05:00,KC,WSH
946,01_99_BAL_TOR_19,MLB,2019-07-05,19:07:00,BAL,TOR
947,01_99_BOS_DET_19,MLB,2019-07-05,19:10:00,BOS,DET
948,01_99_PHI_NYM_19,MLB,2019-07-05,19:10:00,PHI,NYM
949,01_99_NYY_TB_19,MLB,2019-07-05,19:10:00,NYY,TB
950,01_99_MIA_ATL_19,MLB,2019-07-05,19:20:00,MIA,ATL
951,01_99_LAA_HOU_20,MLB,2019-07-05,20:10:00,LAA,HOU
952,01_99_TEX_MIN_20,MLB,2019-07-05,20:10:00,TEX,MIN
953,01_99_COL_ARI_21,MLB,2019-07-05,21:10:00,COL,ARI
954,01_99_SD_LAD_22,MLB,2019-07-05,22:10:00,SD,LAD
955,01_99_OAK_SEA_22,MLB,2019-07-05,22:10:00,OAK,SEA
956,01_99_STL_SF_22,MLB,2019-07-05,22:15:00,STL,SF
957,01_100_TEX_MIN_14,MLB,2019-07-06,14:10:00,TEX,MIN
958,01_100_BAL_TOR_15,MLB,2019-07-06,15:07:00,BAL,TOR
959,01_100_MIL_PIT_16,MLB,2019-07-06,16:05:00,MIL,PIT
960,01_100_KC_WSH_16,MLB,2019-07-06,16:05:00,KC,WSH
961,01_100_MIA_ATL_16,MLB,2019-07-06,16:10:00,MIA,ATL
962,01_100_CLE_CIN_16,MLB,2019-07-06,16:10:00,CLE,CIN
963,01_100_BOS_DET_16,MLB,2019-07-06,16:10:00,BOS,DET
964,01_100_NYY_TB_16,MLB,2019-07-06,16:10:00,NYY,TB
965,01_100_CHC_CHW_19,MLB,2019-07-06,19:15:00,CHC,CHW
966,01_100_LAA_HOU_19,MLB,2019-07-06,19:15:00,LAA,HOU
967,01_100_PHI_NYM_19,MLB,2019-07-06,19:15:00,PHI,NYM
968,01_100_STL_SF_22,MLB,2019-07-06,22:05:00,STL,SF
969,01_100_COL_ARI_22,MLB,2019-07-06,22:10:00,COL,ARI
970,01_100_SD_LAD_22,MLB,2019-07-06,22:10:00,SD,LAD
971,01_100_OAK_SEA_22,MLB,2019-07-06,22:10:00,OAK,SEA
972,01_101_BAL_TOR_13,MLB,2019-07-07,13:07:00,BAL,TOR
973,01_101_CLE_CIN_13,MLB,2019-07-07,13:10:00,CLE,CIN
974,01_101_BOS_DET_13,MLB,2019-07-07,13:10:00,BOS,DET
975,01_101_PHI_NYM_13,MLB,2019-07-07,13:10:00,PHI,NYM
976,01_101_NYY_TB_13,MLB,2019-07-07,13:10:00,NYY,TB
977,01_101_MIA_ATL_13,MLB,2019-07-07,13:20:00,MIA,ATL
978,01_101_MIL_PIT_13,MLB,2019-07-07,13:35:00,MIL,PIT
979,01_101_KC_WSH_13,MLB,2019-07-07,13:35:00,KC,WSH
980,01_101_CHC_CHW_14,MLB,2019-07-07,14:10:00,CHC,CHW
981,01_101_LAA_HOU_14,MLB,2019-07-07,14:10:00,LAA,HOU
982,01_101_TEX_MIN_14,MLB,2019-07-07,14:10:00,TEX,MIN
983,01_101_STL_SF_16,MLB,2019-07-07,16:05:00,STL,SF
984,01_101_COL_ARI_16,MLB,2019-07-07,16:10:00,COL,ARI
985,01_101_SD_LAD_16,MLB,2019-07-07,16:10:00,SD,LAD
986,01_101_OAK_SEA_16,MLB,2019-07-07,16:10:00,OAK,SEA
987,01_115_BOS_BAL_13,MLB,2019-07-21,13:05:00,BOS,BAL
988,01_115_COL_NYY_13,MLB,2019-07-21,13:05:00,COL,NYY
989,01_115_STL_CIN_13,MLB,2019-07-21,13:10:00,STL,CIN
990,01_115_KC_CLE_13,MLB,2019-07-21,13:10:00,KC,CLE
991,01_115_TOR_DET_13,MLB,2019-07-21,13:10:00,TOR,DET
992,01_115_CHW_TB_13,MLB,2019-07-21,13:10:00,CHW,TB
993,01_115_PHI_PIT_13,MLB,2019-07-21,13:35:00,PHI,PIT
994,01_115_TEX_HOU_14,MLB,2019-07-21,14:10:00,TEX,HOU
995,01_115_OAK_MIN_14,MLB,2019-07-21,14:10:00,OAK,MIN
996,01_115_SD_CHC_14,MLB,2019-07-21,14:20:00,SD,CHC
997,01_115_NYM_SF_16,MLB,2019-07-21,16:05:00,NYM,SF
998,01_115_MIL_ARI_16,MLB,2019-07-21,16:10:00,MIL,ARI
999,01_115_MIA_LAD_16,MLB,2019-07-21,16:10:00,MIA,LAD
1000,01_115_LAA_SEA_16,MLB,2019-07-21,16:10:00,LAA,SEA
1001,01_115_WSH_ATL_19,MLB,2019-07-21,19:00:00,WSH,ATL
1002,01_116_BOS_TB_19,MLB,2019-07-22,19:00:00,BOS,TB
1003,01_116_STL_PIT_19,MLB,2019-07-22,19:05:00,STL,PIT
1004,01_116_COL_WSH_19,MLB,2019-07-22,19:05:00,COL,WSH
1005,01_116_CLE_TOR_19,MLB,2019-07-22,19:07:00,CLE,TOR
1006,01_116_MIA_CHW_20,MLB,2019-07-22,20:10:00,MIA,CHW
1007,01_116_OAK_HOU_20,MLB,2019-07-22,20:10:00,OAK,HOU
1008,01_116_CIN_MIL_20,MLB,2019-07-22,20:10:00,CIN,MIL
1009,01_116_NYY_MIN_20,MLB,2019-07-22,20:10:00,NYY,MIN
1010,01_116_BAL_ARI_21,MLB,2019-07-22,21:40:00,BAL,ARI
1011,01_116_CHC_SF_21,MLB,2019-07-22,21:45:00,CHC,SF
1012,01_116_TEX_SEA_22,MLB,2019-07-22,22:10:00,TEX,SEA
1013,01_117_STL_PIT_19,MLB,2019-07-23,19:05:00,STL,PIT
1014,01_117_COL_WSH_19,MLB,2019-07-23,19:05:00,COL,WSH
1015,01_117_CLE_TOR_19,MLB,2019-07-23,19:07:00,CLE,TOR
1016,01_117_PHI_DET_19,MLB,2019-07-23,19:10:00,PHI,DET
1017,01_117_SD_NYM_19,MLB,2019-07-23,19:10:00,SD,NYM
1018,01_117_BOS_TB_19,MLB,2019-07-23,19:10:00,BOS,TB
1019,01_117_KC_ATL_19,MLB,2019-07-23,19:20:00,KC,ATL
1020,01_117_MIA_CHW_20,MLB,2019-07-23,20:10:00,MIA,CHW
1021,01_117_OAK_HOU_20,MLB,2019-07-23,20:10:00,OAK,HOU
1022,01_117_CIN_MIL_20,MLB,2019-07-23,20:10:00,CIN,MIL
1023,01_117_NYY_MIN_20,MLB,2019-07-23,20:10:00,NYY,MIN
1024,01_117_BAL_ARI_21,MLB,2019-07-23,21:40:00,BAL,ARI
1025,01_117_CHC_SF_21,MLB,2019-07-23,21:45:00,CHC,SF
1026,01_117_LAA_LAD_22,MLB,2019-07-23,22:10:00,LAA,LAD
1027,01_117_TEX_SEA_22,MLB,2019-07-23,22:10:00,TEX,SEA
1028,01_118_BOS_TB_12,MLB,2019-07-24,12:10:00,BOS,TB
1029,01_118_COL_WSH_13,MLB,2019-07-24,13:05:00,COL,WSH
1030,01_118_PHI_DET_13,MLB,2019-07-24,13:10:00,PHI,DET
1031,01_118_OAK_HOU_14,MLB,2019-07-24,14:10:00,OAK,HOU
1032,01_118_CIN_MIL_14,MLB,2019-07-24,14:10:00,CIN,MIL
1033,01_118_BAL_ARI_15,MLB,2019-07-24,15:40:00,BAL,ARI
1034,01_118_TEX_SEA_15,MLB,2019-07-24,15:40:00,TEX,SEA
1035,01_118_CHC_SF_15,MLB,2019-07-24,15:45:00,CHC,SF
1036,01_118_STL_PIT_19,MLB,2019-07-24,19:05:00,STL,PIT
1037,01_118_COL_WSH_19,MLB,2019-07-24,19:05:00,COL,WSH
1038,01_118_CLE_TOR_19,MLB,2019-07-24,19:07:00,CLE,TOR
1039,01_118_SD_NYM_19,MLB,2019-07-24,19:10:00,SD,NYM
1040,01_118_KC_ATL_19,MLB,2019-07-24,19:20:00,KC,ATL
1041,01_118_NYY_MIN_20,MLB,2019-07-24,20:00:00,NYY,MIN
1042,01_118_MIA_CHW_20,MLB,2019-07-24,20:10:00,MIA,CHW
1043,01_118_LAA_LAD_22,MLB,2019-07-24,22:10:00,LAA,LAD
1044,01_119_SD_NYM_12,MLB,2019-07-25,12:10:00,SD,NYM
1045,01_119_STL_PIT_12,MLB,2019-07-25,12:35:00,STL,PIT
1046,01_119_COL_WSH_16,MLB,2019-07-25,16:05:00,COL,WSH
1047,01_119_NYY_BOS_19,MLB,2019-07-25,19:10:00,NYY,BOS
1048,01_119_MIN_CHW_20,MLB,2019-07-25,20:10:00,MIN,CHW
1049,01_119_CLE_KC_20,MLB,2019-07-25,20:15:00,CLE,KC
1050,01_119_BAL_LAA_22,MLB,2019-07-25,22:07:00,BAL,LAA
1051,01_119_TEX_OAK_22,MLB,2019-07-25,22:07:00,TEX,OAK
1052,01_119_DET_SEA_22,MLB,2019-07-25,22:10:00,DET,SEA
1053,01_120_COL_CIN_18,MLB,2019-07-26,18:40:00,COL,CIN
1054,01_120_ATL_PHI_19,MLB,2019-07-26,19:05:00,ATL,PHI
1055,01_120_LAD_WSH_19,MLB,2019-07-26,19:05:00,LAD,WSH
1056,01_120_TB_TOR_19,MLB,2019-07-26,19:07:00,TB,TOR
1057,01_120_NYY_BOS_19,MLB,2019-07-26,19:10:00,NYY,BOS
1058,01_120_ARI_MIA_19,MLB,2019-07-26,19:10:00,ARI,MIA
1059,01_120_PIT_NYM_19,MLB,2019-07-26,19:10:00,PIT,NYM
1060,01_120_MIN_CHW_20,MLB,2019-07-26,20:10:00,MIN,CHW
1061,01_120_CHC_MIL_20,MLB,2019-07-26,20:10:00,CHC,MIL
1062,01_120_CLE_KC_20,MLB,2019-07-26,20:15:00,CLE,KC
1063,01_120_HOU_STL_20,MLB,2019-07-26,20:15:00,HOU,STL
1064,01_120_BAL_LAA_22,MLB,2019-07-26,22:07:00,BAL,LAA
1065,01_120_TEX_OAK_22,MLB,2019-07-26,22:07:00,TEX,OAK
1066,01_120_SF_SD_22,MLB,2019-07-26,22:10:00,SF,SD
1067,01_120_DET_SEA_22,MLB,2019-07-26,22:10:00,DET,SEA
1068,01_121_TB_TOR_15,MLB,2019-07-27,15:07:00,TB,TOR
1069,01_121_NYY_BOS_16,MLB,2019-07-27,16:05:00,NYY,BOS
1070,01_121_LAD_WSH_16,MLB,2019-07-27,16:05:00,LAD,WSH
1071,01_121_DET_SEA_16,MLB,2019-07-27,16:10:00,DET,SEA
1072,01_121_ARI_MIA_18,MLB,2019-07-27,18:10:00,ARI,MIA
1073,01_121_ATL_PHI_19,MLB,2019-07-27,19:05:00,ATL,PHI
1074,01_121_MIN_CHW_19,MLB,2019-07-27,19:10:00,MIN,CHW
1075,01_121_COL_CIN_19,MLB,2019-07-27,19:10:00,COL,CIN
1076,01_121_CHC_MIL_19,MLB,2019-07-27,19:10:00,CHC,MIL
1077,01_121_PIT_NYM_19,MLB,2019-07-27,19:10:00,PIT,NYM
1078,01_121_CLE_KC_19,MLB,2019-07-27,19:15:00,CLE,KC
1079,01_121_HOU_STL_19,MLB,2019-07-27,19:15:00,HOU,STL
1080,01_121_SF_SD_20,MLB,2019-07-27,20:40:00,SF,SD
1081,01_121_BAL_LAA_21,MLB,2019-07-27,21:07:00,BAL,LAA
1082,01_121_TEX_OAK_21,MLB,2019-07-27,21:07:00,TEX,OAK
1083,01_122_ATL_PHI_13,MLB,2019-07-28,13:05:00,ATL,PHI
1084,01_122_TB_TOR_13,MLB,2019-07-28,13:07:00,TB,TOR
1085,01_122_COL_CIN_13,MLB,2019-07-28,13:10:00,COL,CIN
1086,01_122_ARI_MIA_13,MLB,2019-07-28,13:10:00,ARI,MIA
1087,01_122_PIT_NYM_13,MLB,2019-07-28,13:10:00,PIT,NYM
1088,01_122_LAD_WSH_13,MLB,2019-07-28,13:35:00,LAD,WSH
1089,01_122_MIN_CHW_14,MLB,2019-07-28,14:10:00,MIN,CHW
1090,01_122_CHC_MIL_14,MLB,2019-07-28,14:10:00,CHC,MIL
1091,01_122_CLE_KC_14,MLB,2019-07-28,14:15:00,CLE,KC
1092,01_122_HOU_STL_14,MLB,2019-07-28,14:15:00,HOU,STL
1093,01_122_BAL_LAA_16,MLB,2019-07-28,16:07:00,BAL,LAA
1094,01_122_TEX_OAK_16,MLB,2019-07-28,16:07:00,TEX,OAK
1095,01_122_SF_SD_16,MLB,2019-07-28,16:10:00,SF,SD
1096,01_122_DET_SEA_16,MLB,2019-07-28,16:10:00,DET,SEA
1097,01_122_NYY_BOS_19,MLB,2019-07-28,19:00:00,NYY,BOS
1098,01_123_ATL_WSH_19,MLB,2019-07-29,19:00:00,ATL,WSH
1099,01_123_PIT_CIN_19,MLB,2019-07-29,19:10:00,PIT,CIN
1100,01_123_ARI_MIA_19,MLB,2019-07-29,19:10:00,ARI,MIA
1101,01_123_TOR_KC_20,MLB,2019-07-29,20:15:00,TOR,KC
1102,01_123_LAD_COL_20,MLB,2019-07-29,20:40:00,LAD,COL
1103,01_123_DET_LAA_22,MLB,2019-07-29,22:07:00,DET,LAA
1104,01_123_BAL_SD_22,MLB,2019-07-29,22:10:00,BAL,SD
1105,01_124_BAL_SD_15,MLB,2019-07-30,15:40:00,BAL,SD
1106,01_124_ATL_WSH_19,MLB,2019-07-30,19:00:00,ATL,WSH
1107,01_124_ARI_NYY_19,MLB,2019-07-30,19:05:00,ARI,NYY
1108,01_124_SF_PHI_19,MLB,2019-07-30,19:05:00,SF,PHI
1109,01_124_TB_BOS_19,MLB,2019-07-30,19:10:00,TB,BOS
1110,01_124_PIT_CIN_19,MLB,2019-07-30,19:10:00,PIT,CIN
1111,01_124_HOU_CLE_19,MLB,2019-07-30,19:10:00,HOU,CLE
1112,01_124_MIN_MIA_19,MLB,2019-07-30,19:10:00,MIN,MIA
1113,01_124_SEA_TEX_20,MLB,2019-07-30,20:05:00,SEA,TEX
1114,01_124_NYM_CHW_20,MLB,2019-07-30,20:10:00,NYM,CHW
1115,01_124_TOR_KC_20,MLB,2019-07-30,20:15:00,TOR,KC
1116,01_124_CHC_STL_20,MLB,2019-07-30,20:15:00,CHC,STL
1117,01_124_LAD_COL_20,MLB,2019-07-30,20:40:00,LAD,COL
1118,01_124_DET_LAA_22,MLB,2019-07-30,22:07:00,DET,LAA
1119,01_124_MIL_OAK_22,MLB,2019-07-30,22:07:00,MIL,OAK
1120,01_125_ATL_WSH_12,MLB,2019-07-31,12:05:00,ATL,WSH
1121,01_125_PIT_CIN_12,MLB,2019-07-31,12:35:00,PIT,CIN
1122,01_125_ARI_NYY_13,MLB,2019-07-31,13:05:00,ARI,NYY
1123,01_125_TOR_KC_13,MLB,2019-07-31,13:15:00,TOR,KC
1124,01_125_LAD_COL_15,MLB,2019-07-31,15:10:00,LAD,COL
1125,01_125_DET_LAA_16,MLB,2019-07-31,16:07:00,DET,LAA
1126,01_125_SF_PHI_19,MLB,2019-07-31,19:05:00,SF,PHI
1127,01_125_TB_BOS_19,MLB,2019-07-31,19:10:00,TB,BOS
1128,01_125_HOU_CLE_19,MLB,2019-07-31,19:10:00,HOU,CLE
1129,01_125_MIN_MIA_19,MLB,2019-07-31,19:10:00,MIN,MIA
1130,01_125_CHC_STL_20,MLB,2019-07-31,20:00:00,CHC,STL
1131,01_125_SEA_TEX_20,MLB,2019-07-31,20:05:00,SEA,TEX
1132,01_125_NYM_CHW_20,MLB,2019-07-31,20:10:00,NYM,CHW
1133,01_125_MIL_OAK_22,MLB,2019-07-31,22:07:00,MIL,OAK
1134,01_126_MIN_MIA_12,MLB,2019-08-01,12:10:00,MIN,MIA
1135,01_126_SF_PHI_13,MLB,2019-08-01,13:05:00,SF,PHI
1136,01_126_NYM_CHW_14,MLB,2019-08-01,14:10:00,NYM,CHW
1137,01_126_MIL_OAK_15,MLB,2019-08-01,15:37:00,MIL,OAK
1138,01_126_TOR_BAL_19,MLB,2019-08-01,19:05:00,TOR,BAL
1139,01_126_TB_BOS_19,MLB,2019-08-01,19:10:00,TB,BOS
1140,01_126_HOU_CLE_19,MLB,2019-08-01,19:10:00,HOU,CLE
1141,01_126_CHC_STL_19,MLB,2019-08-01,19:15:00,CHC,STL
1142,01_126_CIN_ATL_19,MLB,2019-08-01,19:20:00,CIN,ATL
1143,01_126_SD_LAD_22,MLB,2019-08-01,22:10:00,SD,LAD
1144,01_137_BAL_NYY_13,MLB,2019-08-12,13:05:00,BAL,NYY
1145,01_137_BOS_CLE_19,MLB,2019-08-12,19:00:00,BOS,CLE
1146,01_137_BAL_NYY_19,MLB,2019-08-12,19:05:00,BAL,NYY
1147,01_137_CIN_WSH_19,MLB,2019-08-12,19:05:00,CIN,WSH
1148,01_137_TEX_TOR_19,MLB,2019-08-12,19:07:00,TEX,TOR
1149,01_137_HOU_CHW_20,MLB,2019-08-12,20:10:00,HOU,CHW
1150,01_137_ARI_COL_20,MLB,2019-08-12,20:40:00,ARI,COL
1151,01_137_PIT_LAA_22,MLB,2019-08-12,22:07:00,PIT,LAA
1152,01_137_TB_SD_22,MLB,2019-08-12,22:10:00,TB,SD
1153,01_138_HOU_CHW_16,MLB,2019-08-13,16:40:00,HOU,CHW
1154,01_138_BAL_NYY_19,MLB,2019-08-13,19:05:00,BAL,NYY
1155,01_138_CHC_PHI_19,MLB,2019-08-13,19:05:00,CHC,PHI
1156,01_138_CIN_WSH_19,MLB,2019-08-13,19:05:00,CIN,WSH
1157,01_138_TEX_TOR_19,MLB,2019-08-13,19:07:00,TEX,TOR
1158,01_138_BOS_CLE_19,MLB,2019-08-13,19:10:00,BOS,CLE
1159,01_138_SEA_DET_19,MLB,2019-08-13,19:10:00,SEA,DET
1160,01_138_LAD_MIA_19,MLB,2019-08-13,19:10:00,LAD,MIA
1161,01_138_NYM_ATL_19,MLB,2019-08-13,19:20:00,NYM,ATL
1162,01_138_HOU_CHW_20,MLB,2019-08-13,20:10:00,HOU,CHW
1163,01_138_MIN_MIL_20,MLB,2019-08-13,20:10:00,MIN,MIL
1164,01_138_STL_KC_20,MLB,2019-08-13,20:15:00,STL,KC
1165,01_138_ARI_COL_20,MLB,2019-08-13,20:40:00,ARI,COL
1166,01_138_OAK_SF_21,MLB,2019-08-13,21:45:00,OAK,SF
1167,01_138_PIT_LAA_22,MLB,2019-08-13,22:07:00,PIT,LAA
1168,01_138_TB_SD_22,MLB,2019-08-13,22:10:00,TB,SD
1169,01_139_TEX_TOR_12,MLB,2019-08-14,12:37:00,TEX,TOR
1170,01_139_BAL_NYY_13,MLB,2019-08-14,13:05:00,BAL,NYY
1171,01_139_BOS_CLE_13,MLB,2019-08-14,13:10:00,BOS,CLE
1172,01_139_HOU_CHW_14,MLB,2019-08-14,14:10:00,HOU,CHW
1173,01_139_MIN_MIL_14,MLB,2019-08-14,14:10:00,MIN,MIL
1174,01_139_ARI_COL_15,MLB,2019-08-14,15:10:00,ARI,COL
1175,01_139_TB_SD_15,MLB,2019-08-14,15:40:00,TB,SD
1176,01_139_OAK_SF_15,MLB,2019-08-14,15:45:00,OAK,SF
1177,01_139_CIN_WSH_16,MLB,2019-08-14,16:05:00,CIN,WSH
1178,01_139_CHC_PHI_19,MLB,2019-08-14,19:00:00,CHC,PHI
1179,01_139_SEA_DET_19,MLB,2019-08-14,19:10:00,SEA,DET
1180,01_139_LAD_MIA_19,MLB,2019-08-14,19:10:00,LAD,MIA
1181,01_139_NYM_ATL_19,MLB,2019-08-14,19:20:00,NYM,ATL
1182,01_139_PIT_LAA_20,MLB,2019-08-14,20:07:00,PIT,LAA
1183,01_139_STL_KC_20,MLB,2019-08-14,20:15:00,STL,KC
1184,01_140_SEA_DET_13,MLB,2019-08-15,13:10:00,SEA,DET
1185,01_140_LAD_MIA_15,MLB,2019-08-15,15:05:00,LAD,MIA
1186,01_140_CLE_NYY_19,MLB,2019-08-15,19:05:00,CLE,NYY
1187,01_140_CHC_PHI_19,MLB,2019-08-15,19:05:00,CHC,PHI
1188,01_140_STL_CIN_19,MLB,2019-08-15,19:10:00,STL,CIN
1189,01_140_NYM_ATL_19,MLB,2019-08-15,19:20:00,NYM,ATL
1190,01_140_MIN_TEX_20,MLB,2019-08-15,20:05:00,MIN,TEX
1191,01_140_SF_ARI_21,MLB,2019-08-15,21:40:00,SF,ARI
1192,01_140_CHW_LAA_22,MLB,2019-08-15,22:07:00,CHW,LAA
1193,01_140_HOU_OAK_22,MLB,2019-08-15,22:07:00,HOU,OAK
1194,01_141_CLE_NYY_19,MLB,2019-08-16,19:05:00,CLE,NYY
1195,01_141_SD_PHI_19,MLB,2019-08-16,19:05:00,SD,PHI
1196,01_141_CHC_PIT_19,MLB,2019-08-16,19:05:00,CHC,PIT
1197,01_141_MIL_WSH_19,MLB,2019-08-16,19:05:00,MIL,WSH
1198,01_141_SEA_TOR_19,MLB,2019-08-16,19:07:00,SEA,TOR
1199,01_141_BAL_BOS_19,MLB,2019-08-16,19:10:00,BAL,BOS
1200,01_141_STL_CIN_19,MLB,2019-08-16,19:10:00,STL,CIN
1201,01_141_DET_TB_19,MLB,2019-08-16,19:10:00,DET,TB
1202,01_141_LAD_ATL_19,MLB,2019-08-16,19:20:00,LAD,ATL
1203,01_141_MIN_TEX_20,MLB,2019-08-16,20:05:00,MIN,TEX
1204,01_141_NYM_KC_20,MLB,2019-08-16,20:15:00,NYM,KC
1205,01_141_MIA_COL_20,MLB,2019-08-16,20:40:00,MIA,COL
1206,01_141_SF_ARI_21,MLB,2019-08-16,21:40:00,SF,ARI
1207,01_141_CHW_LAA_22,MLB,2019-08-16,22:07:00,CHW,LAA
1208,01_141_HOU_OAK_22,MLB,2019-08-16,22:07:00,HOU,OAK
1209,01_142_CLE_NYY_13,MLB,2019-08-17,13:05:00,CLE,NYY
1210,01_142_CHC_PIT_13,MLB,2019-08-17,13:35:00,CHC,PIT
1211,01_142_SEA_TOR_15,MLB,2019-08-17,15:07:00,SEA,TOR
1212,01_142_HOU_OAK_16,MLB,2019-08-17,16:05:00,HOU,OAK
1213,01_142_DET_TB_18,MLB,2019-08-17,18:10:00,DET,TB
1214,01_142_STL_CIN_18,MLB,2019-08-17,18:40:00,STL,CIN
1215,01_142_SD_PHI_19,MLB,2019-08-17,19:05:00,SD,PHI
1216,01_142_MIL_WSH_19,MLB,2019-08-17,19:05:00,MIL,WSH
1217,01_142_BAL_BOS_19,MLB,2019-08-17,19:10:00,BAL,BOS
1218,01_142_NYM_KC_19,MLB,2019-08-17,19:15:00,NYM,KC
1219,01_142_LAD_ATL_19,MLB,2019-08-17,19:20:00,LAD,ATL
1220,01_142_MIN_TEX_20,MLB,2019-08-17,20:05:00,MIN,TEX
1221,01_142_SF_ARI_20,MLB,2019-08-17,20:10:00,SF,ARI
1222,01_142_MIA_COL_20,MLB,2019-08-17,20:10:00,MIA,COL
1223,01_142_CHW_LAA_21,MLB,2019-08-17,21:07:00,CHW,LAA
1224,01_143_BAL_BOS_13,MLB,2019-08-18,13:05:00,BAL,BOS
1225,01_143_CLE_NYY_13,MLB,2019-08-18,13:05:00,CLE,NYY
1226,01_143_SD_PHI_13,MLB,2019-08-18,13:05:00,SD,PHI
1227,01_143_SEA_TOR_13,MLB,2019-08-18,13:07:00,SEA,TOR
1228,01_143_STL_CIN_13,MLB,2019-08-18,13:10:00,STL,CIN
1229,01_143_DET_TB_13,MLB,2019-08-18,13:10:00,DET,TB
1230,01_143_LAD_ATL_13,MLB,2019-08-18,13:20:00,LAD,ATL
1231,01_143_MIL_WSH_13,MLB,2019-08-18,13:35:00,MIL,WSH
1232,01_143_NYM_KC_14,MLB,2019-08-18,14:15:00,NYM,KC
1233,01_143_MIN_TEX_15,MLB,2019-08-18,15:05:00,MIN,TEX
1234,01_143_MIA_COL_15,MLB,2019-08-18,15:10:00,MIA,COL
1235,01_143_CHW_LAA_16,MLB,2019-08-18,16:07:00,CHW,LAA
1236,01_143_HOU_OAK_16,MLB,2019-08-18,16:07:00,HOU,OAK
1237,01_143_SF_ARI_16,MLB,2019-08-18,16:10:00,SF,ARI
1238,01_143_CHC_PIT_19,MLB,2019-08-18,19:00:00,CHC,PIT
1239,01_144_KC_BAL_19,MLB,2019-08-19,19:05:00,KC,BAL
1240,01_144_WSH_PIT_19,MLB,2019-08-19,19:05:00,WSH,PIT
1241,01_144_SD_CIN_19,MLB,2019-08-19,19:10:00,SD,CIN
1242,01_144_SEA_TB_19,MLB,2019-08-19,19:10:00,SEA,TB
1243,01_144_MIL_STL_19,MLB,2019-08-19,19:45:00,MIL,STL
1244,01_144_LAA_TEX_20,MLB,2019-08-19,20:05:00,LAA,TEX
1245,01_144_DET_HOU_20,MLB,2019-08-19,20:10:00,DET,HOU
1246,01_144_CHW_MIN_20,MLB,2019-08-19,20:10:00,CHW,MIN
1247,01_144_COL_ARI_21,MLB,2019-08-19,21:40:00,COL,ARI
1248,01_145_LAA_TEX_14,MLB,2019-08-20,14:05:00,LAA,TEX
1249,01_145_KC_BAL_19,MLB,2019-08-20,19:05:00,KC,BAL
1250,01_145_WSH_PIT_19,MLB,2019-08-20,19:05:00,WSH,PIT
1251,01_145_PHI_BOS_19,MLB,2019-08-20,19:10:00,PHI,BOS
1252,01_145_SD_CIN_19,MLB,2019-08-20,19:10:00,SD,CIN
1253,01_145_CLE_NYM_19,MLB,2019-08-20,19:10:00,CLE,NYM
1254,01_145_SEA_TB_19,MLB,2019-08-20,19:10:00,SEA,TB
1255,01_145_MIA_ATL_19,MLB,2019-08-20,19:20:00,MIA,ATL
1256,01_145_MIL_STL_19,MLB,2019-08-20,19:45:00,MIL,STL
1257,01_145_SF_CHC_20,MLB,2019-08-20,20:05:00,SF,CHC
1258,01_145_LAA_TEX_20,MLB,2019-08-20,20:05:00,LAA,TEX
1259,01_145_DET_HOU_20,MLB,2019-08-20,20:10:00,DET,HOU
1260,01_145_CHW_MIN_20,MLB,2019-08-20,20:10:00,CHW,MIN
1261,01_145_COL_ARI_21,MLB,2019-08-20,21:40:00,COL,ARI
1262,01_145_NYY_OAK_22,MLB,2019-08-20,22:00:00,NYY,OAK
1263,01_145_TOR_LAD_22,MLB,2019-08-20,22:10:00,TOR,LAD
1264,01_146_SD_CIN_12,MLB,2019-08-21,12:35:00,SD,CIN
1265,01_146_CHW_MIN_13,MLB,2019-08-21,13:10:00,CHW,MIN
1266,01_146_SEA_TB_13,MLB,2019-08-21,13:10:00,SEA,TB
1267,01_146_COL_ARI_15,MLB,2019-08-21,15:40:00,COL,ARI
1268,01_146_KC_BAL_19,MLB,2019-08-21,19:05:00,KC,BAL
1269,01_146_WSH_PIT_19,MLB,2019-08-21,19:05:00,WSH,PIT
1270,01_146_LAA_TEX_19,MLB,2019-08-21,19:05:00,LAA,TEX
1271,01_146_PHI_BOS_19,MLB,2019-08-21,19:10:00,PHI,BOS
1272,01_146_CLE_NYM_19,MLB,2019-08-21,19:10:00,CLE,NYM
1273,01_146_MIA_ATL_19,MLB,2019-08-21,19:20:00,MIA,ATL
1274,01_146_MIL_STL_19,MLB,2019-08-21,19:45:00,MIL,STL
1275,01_146_SF_CHC_20,MLB,2019-08-21,20:05:00,SF,CHC
1276,01_146_DET_HOU_20,MLB,2019-08-21,20:10:00,DET,HOU
1277,01_146_NYY_OAK_22,MLB,2019-08-21,22:00:00,NYY,OAK
1278,01_146_TOR_LAD_22,MLB,2019-08-21,22:10:00,TOR,LAD
1279,01_147_SF_CHC_14,MLB,2019-08-22,14:20:00,SF,CHC
1280,01_147_TB_BAL_19,MLB,2019-08-22,19:05:00,TB,BAL
1281,01_147_WSH_PIT_19,MLB,2019-08-22,19:05:00,WSH,PIT
1282,01_147_CLE_NYM_19,MLB,2019-08-22,19:10:00,CLE,NYM
1283,01_147_MIA_ATL_19,MLB,2019-08-22,19:20:00,MIA,ATL
1284,01_147_COL_STL_19,MLB,2019-08-22,19:45:00,COL,STL
1285,01_147_TEX_CHW_20,MLB,2019-08-22,20:10:00,TEX,CHW
1286,01_147_DET_HOU_20,MLB,2019-08-22,20:10:00,DET,HOU
1287,01_147_NYY_OAK_21,MLB,2019-08-22,21:37:00,NYY,OAK
1288,01_147_TOR_LAD_22,MLB,2019-08-22,22:10:00,TOR,LAD
1289,01_148_WSH_CHC_14,MLB,2019-08-23,14:20:00,WSH,CHC
1290,01_148_TB_BAL_19,MLB,2019-08-23,19:05:00,TB,BAL
1291,01_148_CIN_PIT_19,MLB,2019-08-23,19:05:00,CIN,PIT
1292,01_148_KC_CLE_19,MLB,2019-08-23,19:10:00,KC,CLE
1293,01_148_PHI_MIA_19,MLB,2019-08-23,19:10:00,PHI,MIA
1294,01_148_ATL_NYM_19,MLB,2019-08-23,19:10:00,ATL,NYM
1295,01_148_TEX_CHW_20,MLB,2019-08-23,20:10:00,TEX,CHW
1296,01_148_LAA_HOU_20,MLB,2019-08-23,20:10:00,LAA,HOU
1297,01_148_ARI_MIL_20,MLB,2019-08-23,20:10:00,ARI,MIL
1298,01_148_DET_MIN_20,MLB,2019-08-23,20:10:00,DET,MIN
1299,01_148_COL_STL_20,MLB,2019-08-23,20:15:00,COL,STL
1300,01_148_NYY_LAD_22,MLB,2019-08-23,22:10:00,NYY,LAD
1301,01_148_BOS_SD_22,MLB,2019-08-23,22:10:00,BOS,SD
1302,01_148_TOR_SEA_22,MLB,2019-08-23,22:10:00,TOR,SEA
1303,01_149_WSH_CHC_14,MLB,2019-08-24,14:20:00,WSH,CHC
1304,01_149_NYY_LAD_16,MLB,2019-08-24,16:05:00,NYY,LAD
1305,01_149_PHI_MIA_18,MLB,2019-08-24,18:10:00,PHI,MIA
1306,01_149_TB_BAL_19,MLB,2019-08-24,19:05:00,TB,BAL
1307,01_149_CIN_PIT_19,MLB,2019-08-24,19:05:00,CIN,PIT
1308,01_149_TEX_CHW_19,MLB,2019-08-24,19:10:00,TEX,CHW
1309,01_149_KC_CLE_19,MLB,2019-08-24,19:10:00,KC,CLE
1310,01_149_LAA_HOU_19,MLB,2019-08-24,19:10:00,LAA,HOU
1311,01_149_ARI_MIL_19,MLB,2019-08-24,19:10:00,ARI,MIL
1312,01_149_DET_MIN_19,MLB,2019-08-24,19:10:00,DET,MIN
1313,01_149_ATL_NYM_19,MLB,2019-08-24,19:10:00,ATL,NYM
1314,01_149_COL_STL_19,MLB,2019-08-24,19:15:00,COL,STL
1315,01_149_BOS_SD_20,MLB,2019-08-24,20:40:00,BOS,SD
1316,01_149_SF_OAK_21,MLB,2019-08-24,21:07:00,SF,OAK
1317,01_149_TOR_SEA_21,MLB,2019-08-24,21:10:00,TOR,SEA
1318,01_150_TB_BAL_13,MLB,2019-08-25,13:05:00,TB,BAL
1319,01_150_KC_CLE_13,MLB,2019-08-25,13:10:00,KC,CLE
1320,01_150_PHI_MIA_13,MLB,2019-08-25,13:10:00,PHI,MIA
1321,01_150_ATL_NYM_13,MLB,2019-08-25,13:10:00,ATL,NYM
1322,01_150_CIN_PIT_13,MLB,2019-08-25,13:35:00,CIN,PIT
1323,01_150_TEX_CHW_14,MLB,2019-08-25,14:10:00,TEX,CHW
1324,01_150_LAA_HOU_14,MLB,2019-08-25,14:10:00,LAA,HOU
1325,01_150_ARI_MIL_14,MLB,2019-08-25,14:10:00,ARI,MIL
1326,01_150_DET_MIN_14,MLB,2019-08-25,14:10:00,DET,MIN
1327,01_150_COL_STL_14,MLB,2019-08-25,14:15:00,COL,STL
1328,01_150_WSH_CHC_14,MLB,2019-08-25,14:20:00,WSH,CHC
1329,01_150_SF_OAK_16,MLB,2019-08-25,16:07:00,SF,OAK
1330,01_150_BOS_SD_16,MLB,2019-08-25,16:10:00,BOS,SD
1331,01_150_TOR_SEA_16,MLB,2019-08-25,16:10:00,TOR,SEA
1332,01_150_NYY_LAD_19,MLB,2019-08-25,19:00:00,NYY,LAD
1333,01_151_ATL_COL_15,MLB,2019-08-26,15:10:00,ATL,COL
1334,01_151_STL_MIL_19,MLB,2019-08-26,19:00:00,STL,MIL
1335,01_151_PIT_PHI_19,MLB,2019-08-26,19:05:00,PIT,PHI
1336,01_151_CIN_MIA_19,MLB,2019-08-26,19:10:00,CIN,MIA
1337,01_151_OAK_KC_20,MLB,2019-08-26,20:15:00,OAK,KC
1338,01_151_ARI_SF_21,MLB,2019-08-26,21:45:00,ARI,SF
1339,01_151_NYY_SEA_22,MLB,2019-08-26,22:00:00,NYY,SEA
1340,01_151_LAD_SD_22,MLB,2019-08-26,22:10:00,LAD,SD
1341,01_152_PIT_PHI_19,MLB,2019-08-27,19:05:00,PIT,PHI
1342,01_152_BAL_WSH_19,MLB,2019-08-27,19:05:00,BAL,WSH
1343,01_152_ATL_TOR_19,MLB,2019-08-27,19:07:00,ATL,TOR
1344,01_152_CLE_DET_19,MLB,2019-08-27,19:10:00,CLE,DET
1345,01_152_CIN_MIA_19,MLB,2019-08-27,19:10:00,CIN,MIA
1346,01_152_CHC_NYM_19,MLB,2019-08-27,19:10:00,CHC,NYM
1347,01_152_STL_MIL_19,MLB,2019-08-27,19:40:00,STL,MIL
1348,01_152_MIN_CHW_20,MLB,2019-08-27,20:10:00,MIN,CHW
1349,01_152_TB_HOU_20,MLB,2019-08-27,20:10:00,TB,HOU
1350,01_152_OAK_KC_20,MLB,2019-08-27,20:15:00,OAK,KC
1351,01_152_BOS_COL_20,MLB,2019-08-27,20:40:00,BOS,COL
1352,01_152_ARI_SF_21,MLB,2019-08-27,21:45:00,ARI,SF
1353,01_152_TEX_LAA_22,MLB,2019-08-27,22:07:00,TEX,LAA
1354,01_152_LAD_SD_22,MLB,2019-08-27,22:10:00,LAD,SD
1355,01_152_NYY_SEA_22,MLB,2019-08-27,22:10:00,NYY,SEA
1356,01_153_STL_MIL_14,MLB,2019-08-28,14:10:00,STL,MIL
1357,01_153_NYY_SEA_16,MLB,2019-08-28,16:10:00,NYY,SEA
1358,01_153_PIT_PHI_18,MLB,2019-08-28,18:05:00,PIT,PHI
1359,01_153_BAL_WSH_19,MLB,2019-08-28,19:05:00,BAL,WSH
1360,01_153_ATL_TOR_19,MLB,2019-08-28,19:07:00,ATL,TOR
1361,01_153_CLE_DET_19,MLB,2019-08-28,19:10:00,CLE,DET
1362,01_153_CIN_MIA_19,MLB,2019-08-28,19:10:00,CIN,MIA
1363,01_153_CHC_NYM_19,MLB,2019-08-28,19:10:00,CHC,NYM
1364,01_153_MIN_CHW_20,MLB,2019-08-28,20:10:00,MIN,CHW
1365,01_153_TB_HOU_20,MLB,2019-08-28,20:10:00,TB,HOU
1366,01_153_OAK_KC_20,MLB,2019-08-28,20:15:00,OAK,KC
1367,01_153_BOS_COL_20,MLB,2019-08-28,20:40:00,BOS,COL
1368,01_153_LAD_SD_21,MLB,2019-08-28,21:10:00,LAD,SD
1369,01_153_TEX_LAA_22,MLB,2019-08-28,22:07:00,TEX,LAA
1370,01_154_CLE_DET_13,MLB,2019-08-29,13:10:00,CLE,DET
1371,01_154_OAK_KC_13,MLB,2019-08-29,13:15:00,OAK,KC
1372,01_154_MIN_CHW_14,MLB,2019-08-29,14:10:00,MIN,CHW
1373,01_154_TB_HOU_14,MLB,2019-08-29,14:10:00,TB,HOU
1374,01_154_CIN_MIA_19,MLB,2019-08-29,19:10:00,CIN,MIA
1375,01_154_CHC_NYM_19,MLB,2019-08-29,19:10:00,CHC,NYM
1376,01_154_SEA_TEX_20,MLB,2019-08-29,20:05:00,SEA,TEX
1377,01_154_PIT_COL_20,MLB,2019-08-29,20:40:00,PIT,COL
1378,01_154_LAD_ARI_21,MLB,2019-08-29,21:40:00,LAD,ARI
1379,01_154_SD_SF_21,MLB,2019-08-29,21:45:00,SD,SF
1380,01_155_MIL_CHC_14,MLB,2019-08-30,14:20:00,MIL,CHC
1381,01_155_OAK_NYY_19,MLB,2019-08-30,19:05:00,OAK,NYY
1382,01_155_NYM_PHI_19,MLB,2019-08-30,19:05:00,NYM,PHI
1383,01_155_MIA_WSH_19,MLB,2019-08-30,19:05:00,MIA,WSH
1384,01_155_HOU_TOR_19,MLB,2019-08-30,19:07:00,HOU,TOR
1385,01_155_MIN_DET_19,MLB,2019-08-30,19:10:00,MIN,DET
1386,01_155_CLE_TB_19,MLB,2019-08-30,19:10:00,CLE,TB
1387,01_155_CHW_ATL_19,MLB,2019-08-30,19:20:00,CHW,ATL
1388,01_155_SEA_TEX_20,MLB,2019-08-30,20:05:00,SEA,TEX
1389,01_155_BAL_KC_20,MLB,2019-08-30,20:15:00,BAL,KC
1390,01_155_CIN_STL_20,MLB,2019-08-30,20:15:00,CIN,STL
1391,01_155_PIT_COL_20,MLB,2019-08-30,20:40:00,PIT,COL
1392,01_155_LAD_ARI_21,MLB,2019-08-30,21:40:00,LAD,ARI
1393,01_155_BOS_LAA_22,MLB,2019-08-30,22:07:00,BOS,LAA
1394,01_155_SD_SF_22,MLB,2019-08-30,22:15:00,SD,SF
1395,01_156_OAK_NYY_13,MLB,2019-08-31,13:05:00,OAK,NYY
1396,01_156_CIN_STL_13,MLB,2019-08-31,13:15:00,CIN,STL
1397,01_156_MIL_CHC_14,MLB,2019-08-31,14:20:00,MIL,CHC
1398,01_156_HOU_TOR_15,MLB,2019-08-31,15:07:00,HOU,TOR
1399,01_156_NYM_PHI_16,MLB,2019-08-31,16:05:00,NYM,PHI
1400,01_156_MIN_DET_18,MLB,2019-08-31,18:10:00,MIN,DET
1401,01_156_CLE_TB_18,MLB,2019-08-31,18:10:00,CLE,TB
1402,01_156_MIA_WSH_19,MLB,2019-08-31,19:05:00,MIA,WSH
1403,01_156_BAL_KC_19,MLB,2019-08-31,19:15:00,BAL,KC
1404,01_156_CIN_STL_19,MLB,2019-08-31,19:15:00,CIN,STL
1405,01_156_CHW_ATL_19,MLB,2019-08-31,19:20:00,CHW,ATL
1406,01_156_SEA_TEX_20,MLB,2019-08-31,20:05:00,SEA,TEX
1407,01_156_LAD_ARI_20,MLB,2019-08-31,20:10:00,LAD,ARI
1408,01_156_PIT_COL_20,MLB,2019-08-31,20:10:00,PIT,COL
1409,01_156_SD_SF_21,MLB,2019-08-31,21:05:00,SD,SF
1410,01_156_BOS_LAA_21,MLB,2019-08-31,21:07:00,BOS,LAA
1411,01_157_OAK_NYY_13,MLB,2019-09-01,13:05:00,OAK,NYY
1412,01_157_CIN_STL_13,MLB,2019-09-01,13:05:00,CIN,STL
1413,01_157_HOU_TOR_13,MLB,2019-09-01,13:07:00,HOU,TOR
1414,01_157_MIN_DET_13,MLB,2019-09-01,13:10:00,MIN,DET
1415,01_157_CLE_TB_13,MLB,2019-09-01,13:10:00,CLE,TB
1416,01_157_MIA_WSH_13,MLB,2019-09-01,13:35:00,MIA,WSH
1417,01_157_BAL_KC_14,MLB,2019-09-01,14:15:00,BAL,KC
1418,01_157_MIL_CHC_14,MLB,2019-09-01,14:20:00,MIL,CHC
1419,01_157_SEA_TEX_15,MLB,2019-09-01,15:05:00,SEA,TEX
1420,01_157_PIT_COL_15,MLB,2019-09-01,15:10:00,PIT,COL
1421,01_157_SD_SF_16,MLB,2019-09-01,16:05:00,SD,SF
1422,01_157_BOS_LAA_16,MLB,2019-09-01,16:07:00,BOS,LAA
1423,01_157_LAD_ARI_16,MLB,2019-09-01,16:10:00,LAD,ARI
1424,01_157_CHW_ATL_17,MLB,2019-09-01,17:10:00,CHW,ATL
1425,01_157_NYM_PHI_19,MLB,2019-09-01,19:00:00,NYM,PHI
1426,01_157_CIN_STL_19,MLB,2019-09-01,19:05:00,CIN,STL
1427,01_158_TEX_NYY_13,MLB,2019-09-02,13:00:00,TEX,NYY
1428,01_158_NYM_WSH_13,MLB,2019-09-02,13:05:00,NYM,WSH
1429,01_158_MIN_DET_13,MLB,2019-09-02,13:10:00,MIN,DET
1430,01_158_BAL_TB_13,MLB,2019-09-02,13:10:00,BAL,TB
1431,01_158_TOR_ATL_13,MLB,2019-09-02,13:20:00,TOR,ATL
1432,01_158_PHI_CIN_14,MLB,2019-09-02,14:10:00,PHI,CIN
1433,01_158_SF_STL_14,MLB,2019-09-02,14:15:00,SF,STL
1434,01_158_SEA_CHC_14,MLB,2019-09-02,14:20:00,SEA,CHC
1435,01_158_HOU_MIL_16,MLB,2019-09-02,16:00:00,HOU,MIL
1436,01_158_SD_ARI_16,MLB,2019-09-02,16:10:00,SD,ARI
1437,01_158_CHW_CLE_19,MLB,2019-09-02,19:10:00,CHW,CLE
1438,01_158_COL_LAD_20,MLB,2019-09-02,20:10:00,COL,LAD
1439,01_159_BAL_TB_15,MLB,2019-09-03,15:10:00,BAL,TB
1440,01_159_TEX_NYY_18,MLB,2019-09-03,18:35:00,TEX,NYY
1441,01_159_PHI_CIN_18,MLB,2019-09-03,18:40:00,PHI,CIN
1442,01_159_BAL_TB_18,MLB,2019-09-03,18:40:00,BAL,TB
1443,01_159_MIA_PIT_19,MLB,2019-09-03,19:05:00,MIA,PIT
1444,01_159_NYM_WSH_19,MLB,2019-09-03,19:05:00,NYM,WSH
1445,01_159_MIN_BOS_19,MLB,2019-09-03,19:10:00,MIN,BOS
1446,01_159_CHW_CLE_19,MLB,2019-09-03,19:10:00,CHW,CLE
1447,01_159_TOR_ATL_19,MLB,2019-09-03,19:20:00,TOR,ATL
1448,01_159_HOU_MIL_19,MLB,2019-09-03,19:40:00,HOU,MIL
1449,01_159_SF_STL_19,MLB,2019-09-03,19:45:00,SF,STL
1450,01_159_SEA_CHC_20,MLB,2019-09-03,20:05:00,SEA,CHC
1451,01_159_DET_KC_20,MLB,2019-09-03,20:15:00,DET,KC
1452,01_159_SD_ARI_21,MLB,2019-09-03,21:40:00,SD,ARI
1453,01_159_LAA_OAK_22,MLB,2019-09-03,22:07:00,LAA,OAK
1454,01_159_COL_LAD_22,MLB,2019-09-03,22:10:00,COL,LAD
1455,01_160_NYM_WSH_13,MLB,2019-09-04,13:05:00,NYM,WSH
1456,01_160_TEX_NYY_18,MLB,2019-09-04,18:35:00,TEX,NYY
1457,01_160_PHI_CIN_18,MLB,2019-09-04,18:40:00,PHI,CIN
1458,01_160_MIA_PIT_19,MLB,2019-09-04,19:05:00,MIA,PIT
1459,01_160_MIN_BOS_19,MLB,2019-09-04,19:10:00,MIN,BOS
1460,01_160_CHW_CLE_19,MLB,2019-09-04,19:10:00,CHW,CLE
1461,01_160_SF_STL_19,MLB,2019-09-04,19:45:00,SF,STL
1462,01_160_DET_KC_20,MLB,2019-09-04,20:15:00,DET,KC
1463,01_160_SD_ARI_21,MLB,2019-09-04,21:40:00,SD,ARI
1464,01_160_LAA_OAK_22,MLB,2019-09-04,22:07:00,LAA,OAK
1465,01_160_COL_LAD_22,MLB,2019-09-04,22:10:00,COL,LAD
1466,01_161_PHI_CIN_12,MLB,2019-09-05,12:35:00,PHI,CIN
1467,01_161_CHW_CLE_13,MLB,2019-09-05,13:10:00,CHW,CLE
1468,01_161_DET_KC_13,MLB,2019-09-05,13:15:00,DET,KC
1469,01_161_SF_STL_13,MLB,2019-09-05,13:15:00,SF,STL
1470,01_161_LAA_OAK_15,MLB,2019-09-05,15:37:00,LAA,OAK
1471,01_161_TEX_BAL_19,MLB,2019-09-05,19:05:00,TEX,BAL
1472,01_161_MIA_PIT_19,MLB,2019-09-05,19:05:00,MIA,PIT
1473,01_161_MIN_BOS_19,MLB,2019-09-05,19:10:00,MIN,BOS
1474,01_161_CHC_MIL_19,MLB,2019-09-05,19:10:00,CHC,MIL
1475,01_161_TOR_TB_19,MLB,2019-09-05,19:10:00,TOR,TB
1476,01_161_WSH_ATL_19,MLB,2019-09-05,19:20:00,WSH,ATL
1477,01_161_SEA_HOU_20,MLB,2019-09-05,20:10:00,SEA,HOU
1478,01_162_TEX_BAL_19,MLB,2019-09-06,19:05:00,TEX,BAL
1479,01_162_STL_PIT_19,MLB,2019-09-06,19:05:00,STL,PIT
1480,01_162_NYY_BOS_19,MLB,2019-09-06,19:10:00,NYY,BOS
1481,01_162_ARI_CIN_19,MLB,2019-09-06,19:10:00,ARI,CIN
1482,01_162_KC_MIA_19,MLB,2019-09-06,19:10:00,KC,MIA
1483,01_162_PHI_NYM_19,MLB,2019-09-06,19:10:00,PHI,NYM
1484,01_162_TOR_TB_19,MLB,2019-09-06,19:10:00,TOR,TB
1485,01_162_WSH_ATL_19,MLB,2019-09-06,19:20:00,WSH,ATL
1486,01_162_LAA_CHW_20,MLB,2019-09-06,20:10:00,LAA,CHW
1487,01_162_SEA_HOU_20,MLB,2019-09-06,20:10:00,SEA,HOU
1488,01_162_CHC_MIL_20,MLB,2019-09-06,20:10:00,CHC,MIL
1489,01_162_CLE_MIN_20,MLB,2019-09-06,20:10:00,CLE,MIN
1490,01_162_DET_OAK_22,MLB,2019-09-06,22:07:00,DET,OAK
1491,01_162_SF_LAD_22,MLB,2019-09-06,22:10:00,SF,LAD
1492,01_162_COL_SD_22,MLB,2019-09-06,22:10:00,COL,SD
1493,01_163_NYY_BOS_16,MLB,2019-09-07,16:05:00,NYY,BOS
1494,01_163_ARI_CIN_16,MLB,2019-09-07,16:10:00,ARI,CIN
1495,01_163_KC_MIA_18,MLB,2019-09-07,18:10:00,KC,MIA
1496,01_163_TOR_TB_18,MLB,2019-09-07,18:10:00,TOR,TB
1497,01_163_TEX_BAL_19,MLB,2019-09-07,19:05:00,TEX,BAL
1498,01_163_STL_PIT_19,MLB,2019-09-07,19:05:00,STL,PIT
1499,01_163_LAA_CHW_19,MLB,2019-09-07,19:10:00,LAA,CHW
1500,01_163_SEA_HOU_19,MLB,2019-09-07,19:10:00,SEA,HOU
1501,01_163_CHC_MIL_19,MLB,2019-09-07,19:10:00,CHC,MIL
1502,01_163_CLE_MIN_19,MLB,2019-09-07,19:10:00,CLE,MIN
1503,01_163_PHI_NYM_19,MLB,2019-09-07,19:10:00,PHI,NYM
1504,01_163_WSH_ATL_19,MLB,2019-09-07,19:20:00,WSH,ATL
1505,01_163_COL_SD_20,MLB,2019-09-07,20:40:00,COL,SD
1506,01_163_DET_OAK_21,MLB,2019-09-07,21:07:00,DET,OAK
1507,01_163_SF_LAD_21,MLB,2019-09-07,21:10:00,SF,LAD
1508,01_164_TEX_BAL_13,MLB,2019-09-08,13:05:00,TEX,BAL
1509,01_164_ARI_CIN_13,MLB,2019-09-08,13:10:00,ARI,CIN
1510,01_164_KC_MIA_13,MLB,2019-09-08,13:10:00,KC,MIA
1511,01_164_PHI_NYM_13,MLB,2019-09-08,13:10:00,PHI,NYM
1512,01_164_TOR_TB_13,MLB,2019-09-08,13:10:00,TOR,TB
1513,01_164_WSH_ATL_13,MLB,2019-09-08,13:20:00,WSH,ATL
1514,01_164_STL_PIT_13,MLB,2019-09-08,13:35:00,STL,PIT
1515,01_164_LAA_CHW_14,MLB,2019-09-08,14:10:00,LAA,CHW
1516,01_164_SEA_HOU_14,MLB,2019-09-08,14:10:00,SEA,HOU
1517,01_164_CHC_MIL_14,MLB,2019-09-08,14:10:00,CHC,MIL
1518,01_164_CLE_MIN_14,MLB,2019-09-08,14:10:00,CLE,MIN
1519,01_164_DET_OAK_16,MLB,2019-09-08,16:07:00,DET,OAK
1520,01_164_SF_LAD_16,MLB,2019-09-08,16:10:00,SF,LAD
1521,01_164_COL_SD_16,MLB,2019-09-08,16:10:00,COL,SD
1522,01_164_NYY_BOS_20,MLB,2019-09-08,20:00:00,NYY,BOS
1523,01_165_ATL_PHI_19,MLB,2019-09-09,19:05:00,ATL,PHI
1524,01_165_NYY_BOS_19,MLB,2019-09-09,19:10:00,NYY,BOS
1525,01_165_MIL_MIA_19,MLB,2019-09-09,19:10:00,MIL,MIA
1526,01_165_ARI_NYM_19,MLB,2019-09-09,19:10:00,ARI,NYM
1527,01_165_OAK_HOU_20,MLB,2019-09-09,20:10:00,OAK,HOU
1528,01_165_PIT_SF_21,MLB,2019-09-09,21:45:00,PIT,SF
1529,01_165_CLE_LAA_22,MLB,2019-09-09,22:07:00,CLE,LAA
1530,01_165_CHC_SD_22,MLB,2019-09-09,22:10:00,CHC,SD
1531,01_166_NYY_DET_18,MLB,2019-09-10,18:40:00,NYY,DET
1532,01_166_LAD_BAL_19,MLB,2019-09-10,19:05:00,LAD,BAL
1533,01_166_ATL_PHI_19,MLB,2019-09-10,19:05:00,ATL,PHI
1534,01_166_BOS_TOR_19,MLB,2019-09-10,19:07:00,BOS,TOR
1535,01_166_MIL_MIA_19,MLB,2019-09-10,19:10:00,MIL,MIA
1536,01_166_ARI_NYM_19,MLB,2019-09-10,19:10:00,ARI,NYM
1537,01_166_WSH_MIN_19,MLB,2019-09-10,19:40:00,WSH,MIN
1538,01_166_TB_TEX_20,MLB,2019-09-10,20:05:00,TB,TEX
1539,01_166_KC_CHW_20,MLB,2019-09-10,20:10:00,KC,CHW
1540,01_166_OAK_HOU_20,MLB,2019-09-10,20:10:00,OAK,HOU
1541,01_166_STL_COL_20,MLB,2019-09-10,20:40:00,STL,COL
1542,01_166_PIT_SF_21,MLB,2019-09-10,21:45:00,PIT,SF
1543,01_166_CLE_LAA_22,MLB,2019-09-10,22:07:00,CLE,LAA
1544,01_166_CHC_SD_22,MLB,2019-09-10,22:10:00,CHC,SD
1545,01_166_CIN_SEA_22,MLB,2019-09-10,22:10:00,CIN,SEA
1546,01_167_NYY_DET_18,MLB,2019-09-11,18:40:00,NYY,DET
1547,01_167_ATL_PHI_19,MLB,2019-09-11,19:00:00,ATL,PHI
1548,01_167_LAD_BAL_19,MLB,2019-09-11,19:05:00,LAD,BAL
1549,01_167_BOS_TOR_19,MLB,2019-09-11,19:07:00,BOS,TOR
1550,01_167_MIL_MIA_19,MLB,2019-09-11,19:10:00,MIL,MIA
1551,01_167_ARI_NYM_19,MLB,2019-09-11,19:10:00,ARI,NYM
1552,01_167_WSH_MIN_19,MLB,2019-09-11,19:40:00,WSH,MIN
1553,01_167_TB_TEX_20,MLB,2019-09-11,20:05:00,TB,TEX
1554,01_167_CLE_LAA_20,MLB,2019-09-11,20:07:00,CLE,LAA
1555,01_167_KC_CHW_20,MLB,2019-09-11,20:10:00,KC,CHW
1556,01_167_OAK_HOU_20,MLB,2019-09-11,20:10:00,OAK,HOU
1557,01_167_STL_COL_20,MLB,2019-09-11,20:40:00,STL,COL
1558,01_167_PIT_SF_21,MLB,2019-09-11,21:45:00,PIT,SF
1559,01_167_CHC_SD_22,MLB,2019-09-11,22:00:00,CHC,SD
1560,01_167_CIN_SEA_22,MLB,2019-09-11,22:10:00,CIN,SEA
1561,01_168_NYY_DET_13,MLB,2019-09-12,13:10:00,NYY,DET
1562,01_168_MIL_MIA_13,MLB,2019-09-12,13:10:00,MIL,MIA
1563,01_168_ARI_NYM_13,MLB,2019-09-12,13:10:00,ARI,NYM
1564,01_168_KC_CHW_14,MLB,2019-09-12,14:10:00,KC,CHW
1565,01_168_STL_COL_15,MLB,2019-09-12,15:10:00,STL,COL
1566,01_168_CHC_SD_15,MLB,2019-09-12,15:40:00,CHC,SD
1567,01_168_PIT_SF_15,MLB,2019-09-12,15:45:00,PIT,SF
1568,01_168_BOS_TOR_19,MLB,2019-09-12,19:07:00,BOS,TOR
1569,01_168_LAD_BAL_19,MLB,2019-09-12,19:15:00,LAD,BAL
1570,01_168_ATL_PHI_19,MLB,2019-09-12,19:15:00,ATL,PHI
1571,01_168_WSH_MIN_19,MLB,2019-09-12,19:40:00,WSH,MIN
1572,01_168_TB_TEX_20,MLB,2019-09-12,20:05:00,TB,TEX
1573,01_168_OAK_HOU_20,MLB,2019-09-12,20:10:00,OAK,HOU
1574,01_168_CIN_SEA_22,MLB,2019-09-12,22:10:00,CIN,SEA
1575,01_169_PIT_CHC_16,MLB,2019-09-13,16:05:00,PIT,CHC
1576,01_169_ATL_WSH_19,MLB,2019-09-13,19:05:00,ATL,WSH
1577,01_169_NYY_TOR_19,MLB,2019-09-13,19:07:00,NYY,TOR
1578,01_169_MIN_CLE_19,MLB,2019-09-13,19:10:00,MIN,CLE
1579,01_169_BAL_DET_19,MLB,2019-09-13,19:10:00,BAL,DET
1580,01_169_LAD_NYM_19,MLB,2019-09-13,19:10:00,LAD,NYM
1581,01_169_OAK_TEX_20,MLB,2019-09-13,20:05:00,OAK,TEX
1582,01_169_HOU_KC_20,MLB,2019-09-13,20:15:00,HOU,KC
1583,01_169_MIL_STL_20,MLB,2019-09-13,20:15:00,MIL,STL
1584,01_169_SD_COL_20,MLB,2019-09-13,20:40:00,SD,COL
1585,01_169_CIN_ARI_21,MLB,2019-09-13,21:40:00,CIN,ARI
1586,01_169_TB_LAA_22,MLB,2019-09-13,22:07:00,TB,LAA
1587,01_169_CHW_SEA_22,MLB,2019-09-13,22:10:00,CHW,SEA
1588,01_169_MIA_SF_22,MLB,2019-09-13,22:15:00,MIA,SF
1589,01_170_PIT_CHC_14,MLB,2019-09-14,14:20:00,PIT,CHC
1590,01_170_NYY_TOR_15,MLB,2019-09-14,15:07:00,NYY,TOR
1591,01_170_ATL_WSH_16,MLB,2019-09-14,16:05:00,ATL,WSH
1592,01_170_BAL_DET_18,MLB,2019-09-14,18:10:00,BAL,DET
1593,01_170_BOS_PHI_19,MLB,2019-09-14,19:05:00,BOS,PHI
1594,01_170_MIN_CLE_19,MLB,2019-09-14,19:10:00,MIN,CLE
1595,01_170_LAD_NYM_19,MLB,2019-09-14,19:10:00,LAD,NYM
1596,01_170_HOU_KC_19,MLB,2019-09-14,19:15:00,HOU,KC
1597,01_170_MIL_STL_19,MLB,2019-09-14,19:15:00,MIL,STL
1598,01_170_OAK_TEX_20,MLB,2019-09-14,20:05:00,OAK,TEX
1599,01_170_CIN_ARI_20,MLB,2019-09-14,20:10:00,CIN,ARI
1600,01_170_SD_COL_20,MLB,2019-09-14,20:10:00,SD,COL
1601,01_170_MIA_SF_21,MLB,2019-09-14,21:05:00,MIA,SF
1602,01_170_TB_LAA_21,MLB,2019-09-14,21:07:00,TB,LAA
1603,01_170_CHW_SEA_21,MLB,2019-09-14,21:10:00,CHW,SEA
1604,01_171_BOS_PHI_13,MLB,2019-09-15,13:05:00,BOS,PHI
1605,01_171_NYY_TOR_13,MLB,2019-09-15,13:07:00,NYY,TOR
1606,01_171_MIN_CLE_13,MLB,2019-09-15,13:10:00,MIN,CLE
1607,01_171_BAL_DET_13,MLB,2019-09-15,13:10:00,BAL,DET
1608,01_171_ATL_WSH_13,MLB,2019-09-15,13:35:00,ATL,WSH
1609,01_171_HOU_KC_14,MLB,2019-09-15,14:15:00,HOU,KC
1610,01_171_MIL_STL_14,MLB,2019-09-15,14:15:00,MIL,STL
1611,01_171_PIT_CHC_14,MLB,2019-09-15,14:20:00,PIT,CHC
1612,01_171_OAK_TEX_15,MLB,2019-09-15,15:05:00,OAK,TEX
1613,01_171_SD_COL_15,MLB,2019-09-15,15:10:00,SD,COL
1614,01_171_MIA_SF_16,MLB,2019-09-15,16:05:00,MIA,SF
1615,01_171_TB_LAA_16,MLB,2019-09-15,16:07:00,TB,LAA
1616,01_171_CIN_ARI_16,MLB,2019-09-15,16:10:00,CIN,ARI
1617,01_171_CHW_SEA_16,MLB,2019-09-15,16:10:00,CHW,SEA
1618,01_171_LAD_NYM_19,MLB,2019-09-15,19:00:00,LAD,NYM
1619,01_172_BAL_DET_16,MLB,2019-09-16,16:10:00,BAL,DET
1620,01_172_SD_MIL_19,MLB,2019-09-16,19:40:00,SD,MIL
1621,01_172_CHW_MIN_19,MLB,2019-09-16,19:40:00,CHW,MIN
1622,01_172_WSH_STL_19,MLB,2019-09-16,19:45:00,WSH,STL
1623,01_172_CIN_CHC_20,MLB,2019-09-16,20:05:00,CIN,CHC
1624,01_172_NYM_COL_20,MLB,2019-09-16,20:40:00,NYM,COL
1625,01_172_MIA_ARI_21,MLB,2019-09-16,21:40:00,MIA,ARI
1626,01_172_KC_OAK_22,MLB,2019-09-16,22:07:00,KC,OAK
1627,01_173_LAA_NYY_18,MLB,2019-09-17,18:35:00,LAA,NYY
1628,01_173_TOR_BAL_19,MLB,2019-09-17,19:05:00,TOR,BAL
1629,01_173_SEA_PIT_19,MLB,2019-09-17,19:05:00,SEA,PIT
1630,01_173_SF_BOS_19,MLB,2019-09-17,19:10:00,SF,BOS
1631,01_173_DET_CLE_19,MLB,2019-09-17,19:10:00,DET,CLE
1632,01_173_PHI_ATL_19,MLB,2019-09-17,19:20:00,PHI,ATL
1633,01_173_SD_MIL_19,MLB,2019-09-17,19:40:00,SD,MIL
1634,01_173_CHW_MIN_19,MLB,2019-09-17,19:40:00,CHW,MIN
1635,01_173_WSH_STL_19,MLB,2019-09-17,19:45:00,WSH,STL
1636,01_173_CIN_CHC_20,MLB,2019-09-17,20:00:00,CIN,CHC
1637,01_173_TEX_HOU_20,MLB,2019-09-17,20:10:00,TEX,HOU
1638,01_173_NYM_COL_20,MLB,2019-09-17,20:40:00,NYM,COL
1639,01_173_MIA_ARI_21,MLB,2019-09-17,21:40:00,MIA,ARI
1640,01_173_KC_OAK_22,MLB,2019-09-17,22:07:00,KC,OAK
1641,01_173_TB_LAD_22,MLB,2019-09-17,22:10:00,TB,LAD
1642,01_174_WSH_STL_13,MLB,2019-09-18,13:15:00,WSH,STL
1643,01_174_NYM_COL_15,MLB,2019-09-18,15:10:00,NYM,COL
1644,01_174_KC_OAK_15,MLB,2019-09-18,15:37:00,KC,OAK
1645,01_174_MIA_ARI_15,MLB,2019-09-18,15:40:00,MIA,ARI
1646,01_174_LAA_NYY_18,MLB,2019-09-18,18:35:00,LAA,NYY
1647,01_174_TOR_BAL_19,MLB,2019-09-18,19:05:00,TOR,BAL
1648,01_174_SEA_PIT_19,MLB,2019-09-18,19:05:00,SEA,PIT
1649,01_174_SF_BOS_19,MLB,2019-09-18,19:10:00,SF,BOS
1650,01_174_DET_CLE_19,MLB,2019-09-18,19:10:00,DET,CLE
1651,01_174_PHI_ATL_19,MLB,2019-09-18,19:20:00,PHI,ATL
1652,01_174_SD_MIL_19,MLB,2019-09-18,19:40:00,SD,MIL
1653,01_174_CHW_MIN_19,MLB,2019-09-18,19:40:00,CHW,MIN
1654,01_174_CIN_CHC_20,MLB,2019-09-18,20:05:00,CIN,CHC
1655,01_174_TEX_HOU_20,MLB,2019-09-18,20:10:00,TEX,HOU
1656,01_174_TB_LAD_20,MLB,2019-09-18,20:10:00,TB,LAD
1657,01_175_PHI_ATL_12,MLB,2019-09-19,12:10:00,PHI,ATL
1658,01_175_SEA_PIT_12,MLB,2019-09-19,12:35:00,SEA,PIT
1659,01_175_SF_BOS_13,MLB,2019-09-19,13:05:00,SF,BOS
1660,01_175_SD_MIL_16,MLB,2019-09-19,16:10:00,SD,MIL
1661,01_175_LAA_NYY_18,MLB,2019-09-19,18:35:00,LAA,NYY
1662,01_175_TOR_BAL_19,MLB,2019-09-19,19:05:00,TOR,BAL
1663,01_175_DET_CLE_19,MLB,2019-09-19,19:10:00,DET,CLE
1664,01_175_STL_CHC_19,MLB,2019-09-19,19:15:00,STL,CHC
1665,01_175_KC_MIN_19,MLB,2019-09-19,19:40:00,KC,MIN
1666,01_176_STL_CHC_14,MLB,2019-09-20,14:20:00,STL,CHC
1667,01_176_PHI_CLE_19,MLB,2019-09-20,19:00:00,PHI,CLE
1668,01_176_SEA_BAL_19,MLB,2019-09-20,19:05:00,SEA,BAL
1669,01_176_TOR_NYY_19,MLB,2019-09-20,19:05:00,TOR,NYY
1670,01_176_NYM_CIN_19,MLB,2019-09-20,19:10:00,NYM,CIN
1671,01_176_CHW_DET_19,MLB,2019-09-20,19:10:00,CHW,DET
1672,01_176_WSH_MIA_19,MLB,2019-09-20,19:10:00,WSH,MIA
1673,01_176_BOS_TB_19,MLB,2019-09-20,19:10:00,BOS,TB
1674,01_176_SF_ATL_19,MLB,2019-09-20,19:20:00,SF,ATL
1675,01_176_LAA_HOU_20,MLB,2019-09-20,20:10:00,LAA,HOU
1676,01_176_PIT_MIL_20,MLB,2019-09-20,20:10:00,PIT,MIL
1677,01_176_KC_MIN_20,MLB,2019-09-20,20:10:00,KC,MIN
1678,01_176_COL_LAD_22,MLB,2019-09-20,22:00:00,COL,LAD
1679,01_176_TEX_OAK_22,MLB,2019-09-20,22:07:00,TEX,OAK
1680,01_176_ARI_SD_22,MLB,2019-09-20,22:10:00,ARI,SD
1681,01_177_TOR_NYY_13,MLB,2019-09-21,13:05:00,TOR,NYY
1682,01_177_STL_CHC_14,MLB,2019-09-21,14:20:00,STL,CHC
1683,01_177_NYM_CIN_16,MLB,2019-09-21,16:10:00,NYM,CIN
1684,01_177_CHW_DET_18,MLB,2019-09-21,18:10:00,CHW,DET
1685,01_177_WSH_MIA_18,MLB,2019-09-21,18:10:00,WSH,MIA
1686,01_177_BOS_TB_18,MLB,2019-09-21,18:10:00,BOS,TB
1687,01_177_SEA_BAL_19,MLB,2019-09-21,19:05:00,SEA,BAL
1688,01_177_PHI_CLE_19,MLB,2019-09-21,19:10:00,PHI,CLE
1689,01_177_LAA_HOU_19,MLB,2019-09-21,19:10:00,LAA,HOU
1690,01_177_PIT_MIL_19,MLB,2019-09-21,19:10:00,PIT,MIL
1691,01_177_KC_MIN_19,MLB,2019-09-21,19:10:00,KC,MIN
1692,01_177_SF_ATL_19,MLB,2019-09-21,19:20:00,SF,ATL
1693,01_177_ARI_SD_20,MLB,2019-09-21,20:40:00,ARI,SD
1694,01_177_TEX_OAK_21,MLB,2019-09-21,21:07:00,TEX,OAK
1695,01_177_COL_LAD_21,MLB,2019-09-21,21:10:00,COL,LAD
1696,01_178_SEA_BAL_13,MLB,2019-09-22,13:05:00,SEA,BAL
1697,01_178_TOR_NYY_13,MLB,2019-09-22,13:05:00,TOR,NYY
1698,01_178_NYM_CIN_13,MLB,2019-09-22,13:10:00,NYM,CIN
1699,01_178_CHW_DET_13,MLB,2019-09-22,13:10:00,CHW,DET
1700,01_178_WSH_MIA_13,MLB,2019-09-22,13:10:00,WSH,MIA
1701,01_178_BOS_TB_13,MLB,2019-09-22,13:10:00,BOS,TB
1702,01_178_SF_ATL_13,MLB,2019-09-22,13:20:00,SF,ATL
1703,01_178_LAA_HOU_14,MLB,2019-09-22,14:10:00,LAA,HOU
1704,01_178_PIT_MIL_14,MLB,2019-09-22,14:10:00,PIT,MIL
1705,01_178_KC_MIN_14,MLB,2019-09-22,14:10:00,KC,MIN
1706,01_178_STL_CHC_14,MLB,2019-09-22,14:20:00,STL,CHC
1707,01_178_TEX_OAK_16,MLB,2019-09-22,16:07:00,TEX,OAK
1708,01_178_COL_LAD_16,MLB,2019-09-22,16:10:00,COL,LAD
1709,01_178_ARI_SD_16,MLB,2019-09-22,16:10:00,ARI,SD
1710,01_178_PHI_CLE_18,MLB,2019-09-22,18:30:00,PHI,CLE
1711,01_179_PHI_WSH_19,MLB,2019-09-23,19:05:00,PHI,WSH
1712,01_179_BAL_TOR_19,MLB,2019-09-23,19:07:00,BAL,TOR
1713,01_179_MIA_NYM_19,MLB,2019-09-23,19:10:00,MIA,NYM
1714,01_179_BOS_TB_19,MLB,2019-09-23,19:10:00,BOS,TB
1715,01_179_STL_ARI_21,MLB,2019-09-23,21:40:00,STL,ARI
1716,01_180_PHI_WSH_13,MLB,2019-09-24,13:05:00,PHI,WSH
1717,01_180_MIL_CIN_18,MLB,2019-09-24,18:40:00,MIL,CIN
1718,01_180_MIN_DET_18,MLB,2019-09-24,18:40:00,MIN,DET
1719,01_180_CHC_PIT_19,MLB,2019-09-24,19:05:00,CHC,PIT
1720,01_180_PHI_WSH_19,MLB,2019-09-24,19:05:00,PHI,WSH
1721,01_180_BAL_TOR_19,MLB,2019-09-24,19:07:00,BAL,TOR
1722,01_180_MIA_NYM_19,MLB,2019-09-24,19:10:00,MIA,NYM
1723,01_180_NYY_TB_19,MLB,2019-09-24,19:10:00,NYY,TB
1724,01_180_CLE_CHW_20,MLB,2019-09-24,20:00:00,CLE,CHW
1725,01_180_BOS_TEX_20,MLB,2019-09-24,20:05:00,BOS,TEX
1726,01_180_ATL_KC_20,MLB,2019-09-24,20:15:00,ATL,KC
1727,01_180_STL_ARI_21,MLB,2019-09-24,21:40:00,STL,ARI
1728,01_180_COL_SF_21,MLB,2019-09-24,21:45:00,COL,SF
1729,01_180_OAK_LAA_22,MLB,2019-09-24,22:07:00,OAK,LAA
1730,01_180_LAD_SD_22,MLB,2019-09-24,22:10:00,LAD,SD
1731,01_180_HOU_SEA_22,MLB,2019-09-24,22:10:00,HOU,SEA
1732,01_181_STL_ARI_15,MLB,2019-09-25,15:40:00,STL,ARI
1733,01_181_MIL_CIN_18,MLB,2019-09-25,18:40:00,MIL,CIN
1734,01_181_MIN_DET_18,MLB,2019-09-25,18:40:00,MIN,DET
1735,01_181_NYY_TB_19,MLB,2019-09-25,19:00:00,NYY,TB
1736,01_181_CHC_PIT_19,MLB,2019-09-25,19:05:00,CHC,PIT
1737,01_181_PHI_WSH_19,MLB,2019-09-25,19:05:00,PHI,WSH
1738,01_181_BAL_TOR_19,MLB,2019-09-25,19:07:00,BAL,TOR
1739,01_181_MIA_NYM_19,MLB,2019-09-25,19:10:00,MIA,NYM
1740,01_181_BOS_TEX_20,MLB,2019-09-25,20:05:00,BOS,TEX
1741,01_181_CLE_CHW_20,MLB,2019-09-25,20:10:00,CLE,CHW
1742,01_181_ATL_KC_20,MLB,2019-09-25,20:15:00,ATL,KC
1743,01_181_COL_SF_21,MLB,2019-09-25,21:45:00,COL,SF
1744,01_181_OAK_LAA_22,MLB,2019-09-25,22:00:00,OAK,LAA
1745,01_181_LAD_SD_22,MLB,2019-09-25,22:10:00,LAD,SD
1746,01_181_HOU_SEA_22,MLB,2019-09-25,22:10:00,HOU,SEA
1747,01_182_MIL_CIN_12,MLB,2019-09-26,12:35:00,MIL,CIN
1748,01_182_MIN_DET_13,MLB,2019-09-26,13:10:00,MIN,DET
1749,01_182_BOS_TEX_14,MLB,2019-09-26,14:05:00,BOS,TEX
1750,01_182_LAD_SD_15,MLB,2019-09-26,15:40:00,LAD,SD
1751,01_182_COL_SF_15,MLB,2019-09-26,15:45:00,COL,SF
1752,01_182_PHI_WSH_16,MLB,2019-09-26,16:05:00,PHI,WSH
1753,01_182_CHC_PIT_19,MLB,2019-09-26,19:05:00,CHC,PIT
1754,01_182_MIA_NYM_19,MLB,2019-09-26,19:10:00,MIA,NYM
1755,01_182_CLE_CHW_20,MLB,2019-09-26,20:10:00,CLE,CHW
1756,01_182_HOU_LAA_22,MLB,2019-09-26,22:07:00,HOU,LAA
1757,01_182_OAK_SEA_22,MLB,2019-09-26,22:10:00,OAK,SEA
1758,01_183_DET_CHW_16,MLB,2019-09-27,16:10:00,DET,CHW
1759,01_183_MIA_PHI_19,MLB,2019-09-27,19:05:00,MIA,PHI
1760,01_183_CIN_PIT_19,MLB,2019-09-27,19:05:00,CIN,PIT
1761,01_183_CLE_WSH_19,MLB,2019-09-27,19:05:00,CLE,WSH
1762,01_183_TB_TOR_19,MLB,2019-09-27,19:07:00,TB,TOR
1763,01_183_BAL_BOS_19,MLB,2019-09-27,19:10:00,BAL,BOS
1764,01_183_ATL_NYM_19,MLB,2019-09-27,19:10:00,ATL,NYM
1765,01_183_DET_CHW_19,MLB,2019-09-27,19:40:00,DET,CHW
1766,01_183_CHC_STL_20,MLB,2019-09-27,20:00:00,CHC,STL
1767,01_183_NYY_TEX_20,MLB,2019-09-27,20:05:00,NYY,TEX
1768,01_183_MIL_COL_20,MLB,2019-09-27,20:10:00,MIL,COL
1769,01_183_MIN_KC_20,MLB,2019-09-27,20:15:00,MIN,KC
1770,01_183_SD_ARI_21,MLB,2019-09-27,21:40:00,SD,ARI
1771,01_183_HOU_LAA_22,MLB,2019-09-27,22:07:00,HOU,LAA
1772,01_183_OAK_SEA_22,MLB,2019-09-27,22:10:00,OAK,SEA
1773,01_183_LAD_SF_22,MLB,2019-09-27,22:15:00,LAD,SF
1774,01_184_BAL_BOS_13,MLB,2019-09-28,13:05:00,BAL,BOS
1775,01_184_MIN_KC_14,MLB,2019-09-28,14:15:00,MIN,KC
1776,01_184_TB_TOR_15,MLB,2019-09-28,15:07:00,TB,TOR
1777,01_184_DET_CHW_15,MLB,2019-09-28,15:40:00,DET,CHW
1778,01_184_LAD_SF_16,MLB,2019-09-28,16:05:00,LAD,SF
1779,01_184_CLE_WSH_16,MLB,2019-09-28,16:05:00,CLE,WSH
1780,01_184_MIA_PHI_18,MLB,2019-09-28,18:05:00,MIA,PHI
1781,01_184_CIN_PIT_19,MLB,2019-09-28,19:05:00,CIN,PIT
1782,01_184_ATL_NYM_19,MLB,2019-09-28,19:15:00,ATL,NYM
1783,01_184_CHC_STL_19,MLB,2019-09-28,19:15:00,CHC,STL
1784,01_184_NYY_TEX_20,MLB,2019-09-28,20:05:00,NYY,TEX
1785,01_184_SD_ARI_20,MLB,2019-09-28,20:10:00,SD,ARI
1786,01_184_MIL_COL_20,MLB,2019-09-28,20:10:00,MIL,COL
1787,01_184_HOU_LAA_21,MLB,2019-09-28,21:07:00,HOU,LAA
1788,01_184_OAK_SEA_21,MLB,2019-09-28,21:10:00,OAK,SEA
1789,01_185_BAL_BOS_15,MLB,2019-09-29,15:05:00,BAL,BOS
1790,01_185_MIA_PHI_15,MLB,2019-09-29,15:05:00,MIA,PHI
1791,01_185_CIN_PIT_15,MLB,2019-09-29,15:05:00,CIN,PIT
1792,01_185_LAD_SF_15,MLB,2019-09-29,15:05:00,LAD,SF
1793,01_185_NYY_TEX_15,MLB,2019-09-29,15:05:00,NYY,TEX
1794,01_185_CLE_WSH_15,MLB,2019-09-29,15:05:00,CLE,WSH
1795,01_185_HOU_LAA_15,MLB,2019-09-29,15:07:00,HOU,LAA
1796,01_185_TB_TOR_15,MLB,2019-09-29,15:07:00,TB,TOR
1797,01_185_SD_ARI_15,MLB,2019-09-29,15:10:00,SD,ARI
1798,01_185_DET_CHW_15,MLB,2019-09-29,15:10:00,DET,CHW
1799,01_185_MIL_COL_15,MLB,2019-09-29,15:10:00,MIL,COL
1800,01_185_ATL_NYM_15,MLB,2019-09-29,15:10:00,ATL,NYM
1801,01_185_OAK_SEA_15,MLB,2019-09-29,15:10:00,OAK,SEA
1802,01_185_MIN_KC_15,MLB,2019-09-29,15:15:00,MIN,KC
1803,01_185_CHC_STL_15,MLB,2019-09-29,15:15:00,CHC,STL
1804,01_187_MIL_WSH_20,MLB,2019-10-01,20:08:00,MIL,WSH
1805,01_188_TB_OAK_20,MLB,2019-10-02,20:00:00,TB,OAK
1806,01_189_STL_ATL_17,MLB,2019-10-03,17:02:00,STL,ATL
1807,01_189_WSH_LAD_20,MLB,2019-10-03,20:37:00,WSH,LAD
1808,01_190_TB_HOU_14,MLB,2019-10-04,14:05:00,TB,HOU
1809,01_190_STL_ATL_16,MLB,2019-10-04,16:37:00,STL,ATL
1810,01_190_MIN_NYY_19,MLB,2019-10-04,19:07:00,MIN,NYY
1811,01_190_WSH_LAD_21,MLB,2019-10-04,21:37:00,WSH,LAD
1812,01_191_MIN_NYY_17,MLB,2019-10-05,17:07:00,MIN,NYY
1813,01_191_TB_HOU_21,MLB,2019-10-05,21:07:00,TB,HOU
1814,01_192_ATL_STL_16,MLB,2019-10-06,16:10:00,ATL,STL
1815,01_192_LAD_WSH_19,MLB,2019-10-06,19:45:00,LAD,WSH
1816,01_193_HOU_TB_13,MLB,2019-10-07,13:05:00,HOU,TB
1817,01_193_ATL_STL_15,MLB,2019-10-07,15:07:00,ATL,STL
1818,01_193_LAD_WSH_18,MLB,2019-10-07,18:40:00,LAD,WSH
1819,01_193_NYY_MIN_20,MLB,2019-10-07,20:40:00,NYY,MIN
1820,01_194_HOU_TB_19,MLB,2019-10-08,19:07:00,HOU,TB
1821,01_195_STL_ATL_17,MLB,2019-10-09,17:02:00,STL,ATL
1822,01_195_WSH_LAD_20,MLB,2019-10-09,20:37:00,WSH,LAD
1823,01_196_TB_HOU_19,MLB,2019-10-10,19:07:00,TB,HOU
1824,01_197_WSH_STL_20,MLB,2019-10-11,20:08:00,WSH,STL
1825,01_198_WSH_STL_16,MLB,2019-10-12,16:08:00,WSH,STL
1826,01_198_NYY_HOU_20,MLB,2019-10-12,20:08:00,NYY,HOU
1827,01_199_NYY_HOU_20,MLB,2019-10-13,20:08:00,NYY,HOU
1828,01_200_STL_WSH_19,MLB,2019-10-14,19:38:00,STL,WSH
1829,01_201_HOU_NYY_16,MLB,2019-10-15,16:08:00,HOU,NYY
1830,01_201_STL_WSH_20,MLB,2019-10-15,20:05:00,STL,WSH
1831,01_202_HOU_NYY_20,MLB,2019-10-16,20:08:00,HOU,NYY
1832,01_203_HOU_NYY_20,MLB,2019-10-17,20:08:00,HOU,NYY
1833,01_204_HOU_NYY_19,MLB,2019-10-18,19:08:00,HOU,NYY
1834,01_205_NYY_HOU_20,MLB,2019-10-19,20:08:00,NYY,HOU
1835,01_206_NYY_HOU_19,MLB,2019-10-20,19:38:00,NYY,HOU
1836,01_208_WSH_HOU_20,MLB,2019-10-22,20:08:00,WSH,HOU
1837,01_209_WSH_HOU_20,MLB,2019-10-23,20:07:00,WSH,HOU
1838,01_211_HOU_WSH_20,MLB,2019-10-25,20:07:00,HOU,WSH
1839,01_212_HOU_WSH_20,MLB,2019-10-26,20:07:00,HOU,WSH
1840,01_213_HOU_WSH_20,MLB,2019-10-27,20:07:00,HOU,WSH
1841,01_215_WSH_HOU_20,MLB,2019-10-29,20:07:00,WSH,HOU
1842,01_216_WSH_HOU_20,MLB,2019-10-30,20:08:00,WSH,HOU
