,id,away_score,home_score,winner
0,01_31_CLE_HOU_19,1,4,home
1,01_31_TEX_SEA_16,14,1,away
2,01_31_PIT_LAD_16,6,7,home
3,01_31_CHC_ARI_16,6,5,away
4,01_31_NYY_SF_16,11,5,away
5,01_31_CIN_STL_14,2,5,home
6,01_31_LAA_KC_14,7,3,away
7,01_31_BAL_MIN_14,1,4,home
8,01_31_DET_CHW_14,1,4,home
9,01_31_SD_WSH_13,6,7,home
10,01_31_COL_ATL_13,7,8,home
11,01_31_MIL_NYM_13,2,5,home
12,01_31_OAK_TOR_13,4,5,home
13,01_31_MIA_PHI_13,1,5,home
14,01_31_TB_BOS_13,5,2,away
15,01_37_LAD_SD_20,7,6,away
16,01_37_ARI_COL_20,9,2,away
17,01_37_TOR_TEX_20,5,8,home
18,01_37_NYM_MIL_19,3,4,home
19,01_37_SF_CIN_19,2,9,home
20,01_37_BOS_CHW_19,15,2,away
21,01_37_HOU_LAA_19,14,2,away
22,01_37_OAK_PIT_19,4,6,home
23,01_37_WSH_PHI_19,10,8,away
24,01_37_TB_BAL_19,0,3,home
25,01_37_ATL_MIA_18,9,2,away
26,01_37_KC_DET_16,15,3,away
27,01_37_SEA_CLE_16,4,5,home
28,01_37_STL_CHC_16,5,6,home
29,01_37_MIN_NYY_13,7,3,away
30,01_38_STL_CHC_19,5,13,home
31,01_38_LAD_SD_16,5,8,home
32,01_38_SF_CIN_16,6,5,away
33,01_38_MIN_NYY_16,1,4,home
34,01_38_HOU_LAA_16,10,4,away
35,01_38_ARI_COL_15,7,8,home
36,01_38_TOR_TEX_15,2,10,home
37,01_38_NYM_MIL_14,2,3,home
38,01_38_BOS_CHW_14,9,2,away
39,01_38_WSH_PHI_14,1,7,home
40,01_38_OAK_PIT_13,3,5,home
41,01_38_ATL_MIA_13,3,1,away
42,01_38_SEA_CLE_13,10,0,away
43,01_38_KC_DET_13,2,5,home
44,01_40_NYM_SD_22,7,6,away
45,01_40_CIN_OAK_22,0,2,home
46,01_32_TB_KC_20,8,5,away
47,01_32_BAL_CHW_20,3,5,home
48,01_32_HOU_MIN_19,0,1,home
49,01_32_COL_MIL_19,1,5,home
50,01_32_SD_ATL_19,1,3,home
51,01_32_CIN_NYM_19,5,4,away
52,01_32_STL_WSH_19,6,3,away
53,01_32_OAK_BOS_19,4,9,home
54,01_33_LAD_SF_21,10,3,away
55,01_33_NYY_ARI_21,1,3,home
56,01_33_PIT_TEX_20,6,4,away
57,01_33_HOU_MIN_19,11,0,away
58,01_33_COL_MIL_19,3,4,home
59,01_33_SD_ATL_19,4,3,away
60,01_33_CIN_NYM_19,3,4,home
61,01_33_CLE_MIA_19,7,4,away
62,01_33_OAK_BOS_19,1,5,home
63,01_33_STL_WSH_19,3,2,away
64,01_33_DET_PHI_19,3,1,away
65,01_34_LAD_SF_21,1,2,home
66,01_34_BAL_CHW_20,6,7,home
67,01_34_HOU_MIN_20,2,6,home
68,01_34_COL_MIL_19,11,4,away
69,01_34_SD_ATL_19,1,5,home
70,01_34_CLE_MIA_19,2,4,home
71,01_34_STL_WSH_19,5,1,away
72,01_34_DET_PHI_19,3,7,home
73,01_34_CIN_NYM_19,1,0,away
74,01_34_CHC_SEA_18,11,0,away
75,01_34_TB_KC_17,2,8,home
76,01_34_BAL_CHW_16,5,4,away
77,01_34_NYY_ARI_15,2,3,home
78,01_34_PIT_TEX_14,7,5,away
79,01_34_TB_KC_13,2,3,home
80,01_34_OAK_BOS_13,3,7,home
81,01_35_BOS_CHW_20,4,6,home
82,01_35_STL_WSH_16,1,2,home
83,01_35_TB_KC_14,3,1,away
84,01_35_COL_MIL_13,11,6,away
85,01_35_HOU_MIN_13,2,8,home
86,01_35_CIN_NYM_12,0,1,home
87,01_35_SD_ATL_12,11,2,away
88,01_35_TOR_LAA_22,2,6,home
89,01_36_ARI_COL_20,10,9,away
90,01_36_NYM_MIL_20,1,3,home
91,01_36_BOS_CHW_20,6,1,away
92,01_36_TOR_TEX_20,1,0,away
93,01_36_ATL_MIA_19,7,2,away
94,01_36_KC_DET_19,3,4,home
95,01_36_SEA_CLE_19,1,2,home
96,01_36_SF_CIN_19,12,11,away
97,01_36_OAK_PIT_19,14,1,away
98,01_36_WSH_PHI_19,2,4,home
99,01_36_MIN_NYY_19,3,6,home
100,01_36_TB_BAL_19,7,0,away
101,01_36_STL_CHC_14,0,4,home
102,01_36_LAD_SD_22,4,3,away
103,01_39_ATL_LAD_22,3,5,home
104,01_39_NYM_SD_22,0,4,home
105,01_39_KC_HOU_20,4,6,home
106,01_39_MIA_CHC_20,6,5,away
107,01_39_PHI_STL_20,0,6,home
108,01_39_WSH_MIL_19,3,5,home
109,01_39_ARI_TB_19,1,12,home
110,01_39_MIN_TOR_19,8,0,away
111,01_39_BOS_BAL_19,1,4,home
112,01_39_SEA_NYY_18,3,7,home
113,01_39_CHW_CLE_18,9,1,away
114,01_39_SF_CIN_12,4,12,home
115,01_40_ATL_LAD_22,0,9,home
116,01_40_SF_COL_20,14,4,away
117,01_40_KC_HOU_20,12,2,away
118,01_40_MIA_CHC_20,2,5,home
119,01_40_PHI_STL_19,11,1,away
120,01_40_WSH_MIL_19,0,6,home
121,01_40_ARI_TB_19,3,6,home
122,01_40_LAA_DET_19,5,2,away
123,01_40_MIN_TOR_19,3,0,away
124,01_40_TEX_PIT_19,4,5,home
125,01_40_BOS_BAL_19,8,5,away
126,01_40_SEA_NYY_18,4,5,home
127,01_40_CHW_CLE_18,2,0,away
128,01_41_KC_HOU_20,0,9,home
129,01_41_MIA_CHC_19,2,3,home
130,01_41_LAA_DET_19,3,10,home
131,01_41_MIN_TOR_19,9,1,away
132,01_41_BOS_BAL_19,2,1,away
133,01_41_SEA_NYY_18,10,1,away
134,01_41_CHW_CLE_18,3,5,home
135,01_41_NYM_SD_15,2,3,home
136,01_41_PHI_STL_13,5,0,away
137,01_41_ARI_TB_13,3,2,away
138,01_41_WSH_MIL_13,3,7,home
139,01_41_TEX_PIT_12,9,6,away
140,01_42_ATL_ARI_21,2,3,home
141,01_42_TEX_HOU_20,2,4,home
142,01_42_PIT_STL_19,4,17,home
143,01_42_SEA_NYY_18,1,3,home
144,01_42_CIN_OAK_15,3,0,away
145,01_42_SF_COL_15,11,12,home
146,01_42_MIA_CHC_14,1,4,home
147,01_42_LAA_DET_13,13,0,away
148,01_42_CHW_CLE_13,0,5,home
149,01_43_ATL_ARI_21,2,1,away
150,01_43_SD_COL_20,2,12,home
151,01_43_PIT_STL_20,2,1,away
152,01_43_PHI_KC_20,1,5,home
153,01_43_DET_MIN_20,0,6,home
154,01_43_TEX_HOU_20,0,3,home
155,01_43_NYY_TB_19,4,3,away
156,01_43_MIA_NYM_19,2,11,home
157,01_43_SEA_BOS_19,1,14,home
158,01_43_CHW_TOR_19,3,4,home
159,01_43_LAA_BAL_19,8,3,away
160,01_43_MIL_CHC_14,7,0,away
161,01_44_WSH_LAD_21,5,2,away
162,01_44_CIN_SF_21,5,4,away
163,01_44_DET_MIN_20,3,8,home
164,01_44_TEX_HOU_20,4,11,home
165,01_44_SD_COL_20,4,3,away
166,01_44_ATL_ARI_20,6,4,away
167,01_44_PHI_KC_19,7,0,away
168,01_44_MIA_NYM_19,1,4,home
169,01_44_NYY_TB_18,2,7,home
170,01_44_CLE_OAK_16,2,3,home
171,01_44_LAA_BAL_16,7,2,away
172,01_44_CHW_TOR_15,7,2,away
173,01_44_MIL_CHC_14,1,2,home
174,01_44_PIT_STL_14,2,1,away
175,01_44_DET_MIN_14,5,3,away
176,01_44_SEA_BOS_13,5,9,home
177,01_45_MIL_CHC_19,1,4,home
178,01_45_WSH_LAD_16,0,6,home
179,01_45_ATL_ARI_16,5,3,away
180,01_45_CLE_OAK_16,5,3,away
181,01_45_CIN_SF_16,5,6,home
182,01_45_SD_COL_15,7,10,home
183,01_45_PIT_STL_14,10,6,away
184,01_45_PHI_KC_14,6,1,away
185,01_45_DET_MIN_14,5,3,away
186,01_45_TEX_HOU_14,5,15,home
187,01_45_NYY_TB_13,7,1,away
188,01_45_CHW_TOR_13,5,1,away
189,01_45_SEA_BOS_13,2,11,home
190,01_45_LAA_BAL_13,1,5,home
191,01_46_CLE_CHW_20,2,5,home
192,01_46_LAA_MIN_19,5,4,away
193,01_46_HOU_DET_19,8,1,away
194,01_46_MIL_PHI_19,4,7,home
195,01_47_OAK_SEA_22,3,4,home
196,01_47_SD_LAD_22,3,6,home
197,01_47_TOR_SF_21,7,3,away
198,01_47_PIT_ARI_21,6,2,away
199,01_47_TEX_KC_20,5,11,home
200,01_47_LAA_MIN_19,3,4,home
201,01_47_STL_ATL_19,14,3,away
202,01_47_TB_MIA_19,4,0,away
203,01_47_HOU_DET_19,11,4,away
204,01_47_COL_BOS_19,5,4,away
205,01_47_NYM_WSH_19,6,2,away
206,01_47_MIL_PHI_19,6,1,away
207,01_47_CHC_CIN_18,3,1,away
208,01_47_CLE_CHW_14,9,0,away
209,01_48_TEX_KC_20,6,1,away
210,01_48_STL_ATL_19,0,4,home
211,01_48_TB_MIA_19,1,0,away
212,01_48_HOU_DET_19,5,1,away
213,01_48_COL_BOS_19,5,6,home
214,01_48_NYM_WSH_19,1,5,home
215,01_48_MIL_PHI_19,5,2,away
216,01_48_CHC_CIN_18,5,6,home
217,01_48_BAL_NYY_18,1,3,home
218,01_48_TOR_SF_15,3,4,home
219,01_48_PIT_ARI_15,1,11,home
220,01_48_BAL_NYY_15,3,5,home
221,01_48_LAA_MIN_13,7,8,home
222,01_49_TOR_CHW_20,2,4,home
223,01_49_STL_ATL_19,2,10,home
224,01_49_CHC_CIN_18,2,4,home
225,01_49_BAL_CLE_18,7,14,home
226,01_49_TEX_KC_13,16,1,away
227,01_49_OAK_DET_13,17,3,away
228,01_49_NYM_WSH_13,6,7,home
229,01_49_MIL_PHI_13,11,3,away
230,01_50_MIN_SEA_22,7,1,away
231,01_50_SF_ARI_21,0,7,home
232,01_50_TOR_CHW_20,10,2,away
233,01_50_STL_TEX_20,3,7,home
234,01_50_MIL_ATL_19,8,12,home
235,01_50_NYM_MIA_19,6,8,home
236,01_50_OAK_DET_19,7,2,away
237,01_50_BAL_CLE_19,5,1,away
238,01_50_LAD_CIN_19,6,0,away
239,01_50_HOU_BOS_19,3,1,away
240,01_50_CHC_WSH_19,14,6,away
241,01_50_COL_PHI_19,4,5,home
242,01_50_TB_NYY_19,3,4,home
243,01_51_KC_LAA_22,3,6,home
244,01_51_PIT_SD_20,7,2,away
245,01_51_CHC_WSH_19,2,5,home
246,01_51_HOU_BOS_19,7,3,away
247,01_51_MIL_ATL_19,3,4,home
248,01_51_NYM_MIA_16,0,2,home
249,01_51_OAK_DET_16,4,1,away
250,01_51_BAL_CLE_16,1,4,home
251,01_51_LAD_CIN_16,0,4,home
252,01_51_COL_PHI_16,1,2,home
253,01_51_STL_TEX_16,8,2,away
254,01_51_TOR_CHW_14,1,4,home
255,01_51_TB_NYY_13,2,1,away
256,01_52_CHC_WSH_19,6,5,away
257,01_52_MIN_SEA_16,4,7,home
258,01_52_PIT_SD_16,6,4,away
259,01_52_KC_LAA_16,5,1,away
260,01_52_SF_ARI_16,3,2,away
261,01_52_STL_TEX_15,4,5,home
262,01_52_TOR_CHW_14,5,2,away
263,01_52_MIL_ATL_13,3,2,away
264,01_52_NYM_MIA_13,0,3,home
265,01_52_BAL_CLE_13,0,10,home
266,01_52_LAD_CIN_13,8,3,away
267,01_52_COL_PHI_13,5,7,home
268,01_52_TB_NYY_13,5,13,home
269,01_52_HOU_BOS_13,3,4,home
270,01_53_ARI_SD_22,1,2,home
271,01_53_ATL_SF_21,4,1,away
272,01_53_CHW_HOU_20,0,3,home
273,01_53_SEA_TEX_20,9,10,home
274,01_53_PHI_CHC_20,5,4,away
275,01_53_WSH_NYM_19,3,5,home
276,01_53_NYY_BAL_19,10,7,away
277,01_53_OAK_CLE_18,6,4,away
278,01_53_BOS_TOR_13,12,2,away
279,01_54_ARI_SD_22,2,3,home
280,01_54_CHW_HOU_20,1,5,home
281,01_54_SEA_TEX_20,3,5,home
282,01_54_CIN_MIL_19,3,0,away
283,01_54_LAD_TB_19,7,3,away
284,01_54_WSH_NYM_19,5,6,home
285,01_54_MIA_DET_19,5,4,away
286,01_54_BOS_TOR_19,3,10,home
287,01_54_NYY_BAL_19,11,4,away
288,01_54_COL_PIT_19,5,0,away
289,01_54_PHI_CHC_19,2,3,home
290,01_54_OAK_CLE_18,5,3,away
291,01_55_ATL_SF_21,9,2,away
292,01_55_CHW_HOU_20,9,4,away
293,01_55_PHI_CHC_20,4,8,home
294,01_55_KC_STL_19,3,10,home
295,01_55_LAD_TB_19,1,8,home
296,01_55_WSH_NYM_19,1,6,home
297,01_55_MIA_DET_19,6,3,away
298,01_55_BOS_TOR_19,6,5,away
299,01_55_COL_PIT_19,9,3,away
300,01_55_NYY_BAL_19,7,5,away
301,01_55_ARI_SD_15,2,5,home
302,01_55_SEA_TEX_14,1,2,home
303,01_55_KC_STL_13,8,2,away
304,01_55_CIN_MIL_13,9,11,home
305,01_55_OAK_CLE_13,7,2,away
306,01_56_CHW_HOU_20,4,0,away
307,01_56_TB_CLE_18,7,2,away
308,01_56_MIN_LAA_16,16,7,away
309,01_56_ATL_SF_15,5,4,away
310,01_56_PHI_CHC_14,9,7,away
311,01_56_MIA_DET_13,5,2,away
312,01_56_BOS_TOR_12,8,2,away
313,01_56_COL_PIT_12,6,14,home
314,01_56_NYY_BAL_12,6,5,away
315,01_56_WSH_NYM_12,4,6,home
316,01_57_BAL_COL_20,6,8,home
317,01_57_ATL_STL_20,5,2,away
318,01_57_CHW_MIN_20,4,11,home
319,01_57_PHI_MIL_20,6,4,away
320,01_57_BOS_HOU_20,3,4,home
321,01_57_DET_NYM_19,9,8,away
322,01_57_TB_CLE_19,1,3,home
323,01_57_SD_TOR_19,6,3,away
324,01_57_MIA_WSH_19,10,12,home
325,01_57_LAD_PIT_19,10,2,away
326,01_57_CIN_CHC_14,6,5,away
327,01_58_BAL_COL_21,9,6,away
328,01_58_NYY_KC_20,6,5,away
329,01_58_ATL_STL_19,3,6,home
330,01_58_LAD_PIT_19,7,2,away
331,01_58_BOS_HOU_19,3,4,home
332,01_58_DET_NYM_16,4,5,home
333,01_58_PHI_MIL_16,7,2,away
334,01_58_TB_CLE_16,6,2,away
335,01_58_SEA_OAK_16,5,6,home
336,01_58_MIA_WSH_16,0,5,home
337,01_58_ARI_SF_16,10,4,away
338,01_58_SD_TOR_15,19,4,away
339,01_58_CIN_CHC_14,6,8,home
340,01_58_NYY_KC_14,7,3,away
341,01_58_CHW_MIN_14,1,8,home
342,01_59_ATL_STL_19,4,3,away
343,01_59_SEA_OAK_16,1,7,home
344,01_59_TEX_LAA_16,6,7,home
345,01_59_ARI_SF_16,6,2,away
346,01_59_BAL_COL_15,7,8,home
347,01_59_CIN_CHC_14,10,2,away
348,01_59_NYY_KC_14,7,8,home
349,01_59_CHW_MIN_14,0,7,home
350,01_59_PHI_MIL_14,1,9,home
351,01_59_BOS_HOU_14,4,1,away
352,01_59_MIA_WSH_13,6,9,home
353,01_59_LAD_PIT_13,11,7,away
354,01_59_DET_NYM_13,3,4,home
355,01_59_TB_CLE_13,6,3,away
356,01_59_SD_TOR_13,1,10,home
357,01_60_TEX_SEA_21,2,6,home
358,01_60_NYM_LAD_20,5,9,home
359,01_60_MIL_MIN_19,5,4,away
360,01_60_PIT_CIN_19,1,8,home
361,01_60_LAA_OAK_16,5,8,home
362,01_60_CLE_BOS_16,5,12,home
363,01_60_ARI_COL_15,3,4,home
364,01_60_CHC_HOU_14,5,6,home
365,01_60_TOR_TB_13,3,8,home
366,01_60_PIT_CIN_13,8,5,away
367,01_60_SD_NYY_13,2,5,home
368,01_60_DET_BAL_13,3,5,home
369,01_60_MIA_WSH_13,3,2,away
370,01_61_ARI_COL_20,2,6,home
371,01_61_MIL_MIN_20,3,5,home
372,01_61_CHC_HOU_20,6,9,home
373,01_61_KC_CHW_19,3,4,home
374,01_61_WSH_ATL_19,5,4,away
375,01_61_TOR_TB_19,1,3,home
376,01_61_SF_MIA_19,3,11,home
377,01_61_CLE_BOS_19,7,5,away
378,01_61_STL_PHI_19,3,4,home
379,01_61_DET_BAL_19,3,0,away
380,01_61_PIT_CIN_18,6,11,home
381,01_61_SD_NYY_18,5,4,away
382,01_62_ARI_COL_20,4,5,home
383,01_62_KC_CHW_20,7,8,home
384,01_62_CHC_HOU_20,2,1,away
385,01_62_WSH_ATL_19,14,4,away
386,01_62_TOR_TB_19,3,4,home
387,01_62_SF_MIA_19,2,4,home
388,01_62_STL_PHI_19,4,11,home
389,01_62_DET_BAL_19,4,2,away
390,01_62_CLE_BOS_18,14,9,away
391,01_62_TEX_SEA_15,8,7,away
392,01_62_LAA_OAK_15,12,7,away
393,01_62_SD_NYY_13,0,7,home
394,01_62_PIT_CIN_12,7,2,away
395,01_63_NYM_LAD_22,0,2,home
396,01_63_CLE_CHW_20,4,10,home
397,01_63_KC_TEX_20,4,2,away
398,01_63_MIN_TB_19,3,14,home
399,01_63_MIL_PIT_19,11,5,away
400,01_63_ARI_COL_15,10,11,home
401,01_63_SF_MIA_13,3,1,away
402,01_63_STL_PHI_13,5,3,away
403,01_64_LAA_SEA_22,3,4,home
404,01_64_HOU_OAK_22,3,2,away
405,01_64_NYM_ARI_21,5,4,away
406,01_64_TOR_COL_20,6,13,home
407,01_64_CHC_STL_20,1,2,home
408,01_64_CLE_CHW_20,1,6,home
409,01_64_KC_TEX_20,2,6,home
410,01_64_DET_ATL_19,8,2,away
411,01_64_MIN_TB_19,5,3,away
412,01_64_WSH_CIN_19,3,9,home
413,01_64_MIL_PIT_19,4,9,home
414,01_64_BOS_NYY_19,1,4,home
415,01_64_SF_BAL_19,6,9,home
416,01_65_PHI_LAD_22,3,4,home
417,01_65_HOU_OAK_22,5,1,away
418,01_65_MIA_SD_22,9,3,away
419,01_65_TOR_COL_21,2,4,home
420,01_65_LAA_SEA_19,6,3,away
421,01_65_BOS_NYY_19,3,5,home
422,01_65_WSH_CIN_16,5,2,away
423,01_65_DET_ATL_16,5,10,home
424,01_65_KC_TEX_16,2,6,home
425,01_65_MIL_PIT_16,12,10,away
426,01_65_SF_BAL_16,8,2,away
427,01_65_CLE_CHW_14,5,2,away
428,01_65_MIN_TB_13,6,2,away
429,01_66_BOS_NYY_19,8,5,away
430,01_66_MIA_SD_18,9,3,away
431,01_66_LAA_SEA_16,13,3,away
432,01_66_NYM_ARI_16,1,7,home
433,01_66_HOU_OAK_16,6,4,away
434,01_66_PHI_LAD_16,0,8,home
435,01_66_TOR_COL_15,1,5,home
436,01_66_KC_TEX_15,1,5,home
437,01_66_CHC_STL_14,1,2,home
438,01_66_CLE_CHW_14,0,2,home
439,01_66_MIL_PIT_13,4,2,away
440,01_66_DET_ATL_13,4,7,home
441,01_66_MIN_TB_13,9,7,away
442,01_66_WSH_CIN_13,4,1,away
443,01_66_SF_BAL_13,8,1,away
444,01_67_HOU_SEA_22,4,2,away
445,01_67_LAD_ARI_21,3,1,away
446,01_67_LAA_CHC_16,1,8,home
447,01_68_LAD_ARI_21,9,0,away
448,01_68_CIN_STL_20,4,1,away
449,01_68_BAL_TEX_20,12,11,away
450,01_68_COL_CHC_20,3,6,home
451,01_68_BOS_KC_20,8,3,away
452,01_68_MIA_MIL_19,16,0,away
453,01_68_SF_NYM_19,9,3,away
454,01_68_TB_DET_19,6,9,home
455,01_68_MIN_CLE_19,2,5,home
456,01_68_NYY_TOR_19,3,4,home
457,01_68_CHW_WSH_19,5,9,home
458,01_68_ATL_PIT_19,12,5,away
459,01_69_HOU_SEA_22,1,14,home
460,01_69_BOS_KC_20,8,0,away
461,01_69_BAL_TEX_20,1,2,home
462,01_69_COL_CHC_20,8,9,home
463,01_69_MIA_MIL_19,8,3,away
464,01_69_SF_NYM_19,0,7,home
465,01_69_TB_DET_19,4,0,away
466,01_69_MIN_CLE_19,7,9,home
467,01_69_NYY_TOR_19,7,11,home
468,01_69_ATL_PIT_19,4,7,home
469,01_69_PHI_SD_15,7,5,away
470,01_69_LAD_ARI_15,2,3,home
471,01_69_CHW_WSH_13,4,6,home
472,01_70_BAL_TEX_20,3,4,home
473,01_70_NYY_TOR_19,6,2,away
474,01_70_MIN_CLE_19,5,4,away
475,01_70_HOU_SEA_15,8,7,away
476,01_70_COL_CHC_14,3,1,away
477,01_70_MIA_MIL_14,1,5,home
478,01_70_CIN_STL_13,1,3,home
479,01_70_BOS_KC_13,7,5,away
480,01_70_TB_DET_13,6,1,away
481,01_70_ATL_PIT_12,1,6,home
482,01_70_SF_NYM_12,3,7,home
483,01_71_LAD_SF_22,1,2,home
484,01_71_WSH_SD_22,4,5,home
485,01_71_CHW_KC_20,4,6,home
486,01_71_PIT_MIL_20,4,10,home
487,01_71_BAL_HOU_20,3,4,home
488,01_71_OAK_TEX_20,5,3,away
489,01_71_COL_NYM_19,5,1,away
490,01_71_ATL_MIA_19,7,1,away
491,01_71_MIN_DET_19,6,3,away
492,01_71_NYY_CLE_19,2,5,home
493,01_71_TB_BOS_19,5,1,away
494,01_71_ARI_TOR_19,8,2,away
495,01_71_CIN_PHI_19,2,4,home
496,01_71_STL_CHC_14,1,3,home
497,01_72_WSH_SD_22,4,1,away
498,01_72_OAK_TEX_21,1,3,home
499,01_72_LAD_SF_19,7,2,away
500,01_72_COL_NYM_19,3,5,home
501,01_72_STL_CHC_19,4,9,home
502,01_72_TB_BOS_18,1,5,home
503,01_72_PIT_MIL_16,3,5,home
504,01_72_BAL_HOU_16,4,1,away
505,01_72_ATL_MIA_16,1,0,away
506,01_72_MIN_DET_16,3,9,home
507,01_72_NYY_CLE_16,4,8,home
508,01_72_CIN_PHI_16,1,4,home
509,01_72_ARI_TOR_15,6,0,away
510,01_72_CHW_KC_14,2,0,away
511,01_72_OAK_TEX_14,5,10,home
512,01_72_TB_BOS_13,9,2,away
513,01_73_STL_CHC_19,1,5,home
514,01_73_WSH_SD_16,5,2,away
515,01_73_LAD_SF_16,1,0,away
516,01_73_SEA_LAA_16,9,3,away
517,01_73_OAK_TEX_15,9,8,away
518,01_73_CHW_KC_14,5,2,away
519,01_73_PIT_MIL_14,2,5,home
520,01_73_BAL_HOU_14,0,4,home
521,01_73_COL_NYM_13,1,6,home
522,01_73_ATL_MIA_13,7,6,away
523,01_73_MIN_DET_13,12,2,away
524,01_73_NYY_CLE_13,7,6,away
525,01_73_ARI_TOR_13,8,2,away
526,01_73_CIN_PHI_13,4,3,away
527,01_73_TB_BOS_13,6,1,away
528,01_74_CHC_COL_20,5,6,home
529,01_74_WSH_CHW_20,12,1,away
530,01_74_PIT_ATL_19,7,13,home
531,01_74_STL_MIA_19,4,1,away
532,01_74_TEX_BOS_19,4,3,away
533,01_74_ARI_PHI_19,13,8,away
534,01_74_OAK_TB_19,2,6,home
535,01_75_SD_SF_21,5,6,home
536,01_75_CHC_COL_20,3,10,home
537,01_75_DET_KC_20,2,3,home
538,01_75_SEA_MIN_20,5,6,home
539,01_75_MIL_HOU_20,8,10,home
540,01_75_WSH_CHW_20,5,7,home
541,01_75_PIT_ATL_19,5,7,home
542,01_75_OAK_TB_19,4,3,away
543,01_75_STL_MIA_19,7,1,away
544,01_75_TEX_BOS_19,9,5,away
545,01_75_ARI_PHI_19,4,7,home
546,01_75_TOR_BAL_19,2,4,home
547,01_75_NYM_NYY_19,10,4,away
548,01_75_CIN_CLE_19,1,2,home
549,01_75_NYM_NYY_13,5,12,home
550,01_76_SD_SF_21,2,4,home
551,01_76_SEA_MIN_20,9,6,away
552,01_76_MIL_HOU_20,6,3,away
553,01_76_DET_KC_20,3,2,away
554,01_76_PIT_ATL_19,7,8,home
555,01_76_STL_MIA_19,0,9,home
556,01_76_ARI_PHI_19,2,0,away
557,01_76_TOR_BAL_19,8,6,away
558,01_76_TEX_BOS_16,3,4,home
559,01_76_CHC_COL_15,10,1,away
560,01_76_CIN_CLE_13,7,2,away
561,01_76_OAK_TB_12,6,2,away
562,01_77_CHC_LAD_22,3,7,home
563,01_77_SD_COL_20,6,9,home
564,01_77_NYY_CHW_20,4,5,home
565,01_77_DET_KC_20,3,7,home
566,01_77_LAA_TB_19,5,3,away
567,01_77_TEX_BOS_19,6,7,home
568,01_77_ARI_WSH_19,5,0,away
569,01_77_TOR_BAL_19,12,3,away
570,01_77_SEA_MIN_13,5,10,home
571,01_77_PIT_ATL_12,5,6,home
572,01_78_SEA_OAK_21,9,2,away
573,01_78_KC_MIN_20,0,2,home
574,01_78_TOR_HOU_20,2,15,home
575,01_78_NYY_CHW_20,2,10,home
576,01_78_PHI_ATL_19,8,9,home
577,01_78_LAA_TB_19,4,9,home
578,01_78_STL_NYM_19,9,5,away
579,01_78_PIT_MIA_19,11,0,away
580,01_78_CLE_DET_19,13,4,away
581,01_78_TEX_CIN_19,7,1,away
582,01_78_ARI_WSH_19,3,7,home
583,01_78_BOS_BAL_19,13,2,away
584,01_79_CHC_LAD_21,2,1,away
585,01_79_SEA_OAK_21,2,11,home
586,01_79_SD_COL_20,8,14,home
587,01_79_PHI_ATL_19,6,5,away
588,01_79_STL_NYM_19,7,8,home
589,01_79_KC_MIN_19,4,5,home
590,01_79_TEX_CIN_19,4,3,away
591,01_79_NYY_CHW_19,8,4,away
592,01_79_PIT_MIA_18,3,4,home
593,01_79_CLE_DET_18,4,2,away
594,01_79_TOR_HOU_16,2,7,home
595,01_79_ARI_WSH_16,10,3,away
596,01_79_MIL_SF_16,7,8,home
597,01_79_BOS_BAL_16,7,2,away
598,01_79_LAA_TB_13,5,3,away
599,01_80_CHC_LAD_19,2,3,home
600,01_80_SEA_OAK_16,6,3,away
601,01_80_MIL_SF_16,5,3,away
602,01_80_SD_COL_15,14,13,away
603,01_80_KC_MIN_14,8,6,away
604,01_80_TOR_HOU_14,12,0,away
605,01_80_NYY_CHW_14,10,3,away
606,01_80_ARI_WSH_13,5,15,home
607,01_80_PHI_ATL_13,1,15,home
608,01_80_LAA_TB_13,5,6,home
609,01_80_STL_NYM_13,4,3,away
610,01_80_PIT_MIA_13,5,4,away
611,01_80_CLE_DET_13,8,0,away
612,01_80_BOS_BAL_13,8,6,away
613,01_80_TEX_CIN_13,3,11,home
614,01_81_BAL_OAK_22,2,3,home
615,01_81_MIA_STL_20,0,5,home
616,01_81_BOS_MIN_20,2,0,away
617,01_81_CLE_TEX_20,2,7,home
618,01_81_NYM_ATL_19,3,12,home
619,01_81_HOU_CIN_19,2,3,home
620,01_81_LAA_TOR_19,10,5,away
621,01_81_TB_NYY_19,0,3,home
622,01_82_MIL_SD_22,1,4,home
623,01_82_BAL_OAK_22,2,16,home
624,01_82_COL_ARI_21,8,1,away
625,01_82_MIA_STL_20,6,0,away
626,01_82_CLE_TEX_20,10,3,away
627,01_82_CHW_CHC_20,3,1,away
628,01_82_NYM_ATL_19,10,2,away
629,01_82_HOU_CIN_19,3,4,home
630,01_82_LAA_TOR_19,3,1,away
631,01_82_DET_PIT_19,5,4,away
632,01_82_TB_NYY_19,3,6,home
633,01_83_SF_LAD_22,2,9,home
634,01_83_COL_ARI_21,6,4,away
635,01_83_MIA_STL_20,1,2,home
636,01_83_BOS_MIN_20,9,4,away
637,01_83_CLE_TEX_20,10,4,away
638,01_83_CHW_CHC_20,3,7,home
639,01_83_NYM_ATL_19,2,7,home
640,01_83_LAA_TOR_19,11,6,away
641,01_83_PHI_WSH_19,0,2,home
642,01_83_DET_PIT_19,7,8,home
643,01_83_KC_SEA_18,2,8,home
644,01_83_MIL_SD_15,7,8,home
645,01_83_BAL_OAK_15,3,8,home
646,01_83_PHI_WSH_13,2,6,home
647,01_83_TB_NYY_13,1,12,home
648,01_83_HOU_CIN_12,2,3,home
649,01_84_MIN_KC_20,1,4,home
650,01_84_NYM_CHC_20,4,7,home
651,01_84_CIN_MIL_20,7,1,away
652,01_84_MIA_STL_19,7,6,away
653,01_84_LAA_TOR_19,5,7,home
654,01_84_PHI_WSH_19,4,7,home
655,01_84_HOU_NYY_19,6,10,home
656,01_84_COL_ARI_15,6,4,away
657,01_84_CLE_TEX_14,2,4,home
658,01_85_COL_LAD_22,2,4,home
659,01_85_SF_ARI_21,11,5,away
660,01_85_MIN_KC_20,8,7,away
661,01_85_CIN_MIL_20,11,7,away
662,01_85_CHW_TEX_20,5,4,away
663,01_85_LAA_STL_20,1,5,home
664,01_85_DET_CLE_19,6,7,home
665,01_85_TOR_BOS_19,5,7,home
666,01_85_ATL_WSH_19,3,4,home
667,01_85_SD_PIT_19,1,2,home
668,01_85_MIA_PHI_19,2,1,away
669,01_85_HOU_NYY_19,1,4,home
670,01_85_NYM_CHC_14,5,4,away
671,01_86_CHW_TEX_21,5,6,home
672,01_86_ATL_WSH_19,13,9,away
673,01_86_HOU_NYY_19,5,7,home
674,01_86_COL_LAD_19,4,5,home
675,01_86_BAL_SEA_16,8,4,away
676,01_86_CIN_MIL_16,5,6,home
677,01_86_DET_CLE_16,0,2,home
678,01_86_TB_OAK_16,2,4,home
679,01_86_SD_PIT_16,3,6,home
680,01_86_MIA_PHI_16,5,3,away
681,01_86_TOR_BOS_16,8,7,away
682,01_86_NYM_CHC_14,10,2,away
683,01_86_LAA_STL_14,2,4,home
684,01_86_MIN_KC_14,5,3,away
685,01_87_LAA_STL_19,6,4,away
686,01_87_BAL_SEA_16,3,13,home
687,01_87_COL_LAD_16,3,6,home
688,01_87_SF_ARI_16,2,3,home
689,01_87_TB_OAK_16,8,2,away
690,01_87_CHW_TEX_15,4,7,home
691,01_87_NYM_CHC_14,3,5,home
692,01_87_MIN_KC_14,1,6,home
693,01_87_CIN_MIL_14,5,7,home
694,01_87_HOU_NYY_14,9,4,away
695,01_87_ATL_WSH_13,4,3,away
696,01_87_SD_PIT_13,10,11,home
697,01_87_MIA_PHI_13,6,4,away
698,01_87_TOR_BOS_13,6,1,away
699,01_87_DET_CLE_13,3,8,home
700,01_88_COL_SF_22,2,0,away
701,01_88_LAD_ARI_21,5,8,home
702,01_88_ATL_CHC_20,3,8,home
703,01_88_KC_CLE_19,2,3,home
704,01_88_CHW_BOS_19,5,6,home
705,01_88_NYM_PHI_19,7,13,home
706,01_88_TOR_NYY_19,8,10,home
707,01_89_COL_SF_21,2,4,home
708,01_89_LAD_ARI_21,3,2,away
709,01_89_OAK_STL_20,7,3,away
710,01_89_TB_MIN_20,4,9,home
711,01_89_SEA_MIL_20,8,3,away
712,01_89_PIT_HOU_20,1,5,home
713,01_89_ATL_CHC_20,3,2,away
714,01_89_WSH_MIA_19,6,1,away
715,01_89_KC_CLE_19,8,6,away
716,01_89_CHW_BOS_19,3,6,home
717,01_89_NYM_PHI_19,5,7,home
718,01_89_TOR_NYY_19,3,4,home
719,01_89_SD_BAL_19,8,3,away
720,01_89_TEX_DET_19,5,3,away
721,01_90_TB_MIN_20,4,6,home
722,01_90_PIT_HOU_20,14,2,away
723,01_90_CIN_LAA_20,1,5,home
724,01_90_ATL_CHC_20,5,3,away
725,01_90_SEA_MIL_20,4,2,away
726,01_90_OAK_STL_19,2,0,away
727,01_90_WSH_MIA_19,7,5,away
728,01_90_TEX_DET_19,4,1,away
729,01_90_NYM_PHI_19,4,5,home
730,01_90_COL_SF_15,6,3,away
731,01_90_LAD_ARI_15,2,8,home
732,01_90_SD_BAL_15,10,5,away
733,01_90_KC_CLE_13,3,5,home
734,01_90_TOR_NYY_13,7,8,home
735,01_90_CHW_BOS_13,8,7,away
736,01_91_OAK_LAA_22,3,8,home
737,01_91_ARI_SF_21,5,1,away
738,01_91_LAD_COL_20,12,8,away
739,01_91_WSH_MIA_19,8,5,away
740,01_91_ATL_CHC_14,7,9,home
741,01_91_SEA_MIL_14,2,4,home
742,01_91_PIT_HOU_14,10,0,away
743,01_91_TB_MIN_13,5,2,away
744,01_91_TEX_DET_13,3,1,away
745,01_91_NYM_PHI_13,3,6,home
746,01_92_STL_SD_22,1,3,home
747,01_92_LAD_COL_20,9,13,home
748,01_92_SEA_HOU_20,1,2,home
749,01_92_MIN_CHW_20,4,6,home
750,01_92_PIT_MIL_20,3,2,away
751,01_92_TEX_TB_19,5,0,away
752,01_92_ATL_NYM_19,6,2,away
753,01_92_PHI_MIA_19,2,6,home
754,01_92_WSH_DET_19,3,1,away
755,01_92_CHC_CIN_19,3,6,home
756,01_92_KC_TOR_19,2,6,home
757,01_92_CLE_BAL_19,0,13,home
758,01_93_OAK_LAA_22,4,0,away
759,01_93_PIT_MIL_20,1,3,home
760,01_93_SEA_HOU_20,5,6,home
761,01_93_LAD_COL_20,3,5,home
762,01_93_MIN_CHW_16,10,3,away
763,01_93_TEX_TB_16,2,5,home
764,01_93_ATL_NYM_16,5,4,away
765,01_93_PHI_MIA_16,6,9,home
766,01_93_WSH_DET_16,5,7,home
767,01_93_CHC_CIN_16,6,0,away
768,01_93_KC_TOR_16,5,7,home
769,01_93_CLE_BAL_16,0,13,home
770,01_93_NYY_BOS_13,17,13,away
771,01_94_ATL_NYM_19,5,8,home
772,01_94_STL_SD_16,5,3,away
773,01_94_OAK_LAA_16,12,3,away
774,01_94_ARI_SF_16,4,10,home
775,01_94_LAD_COL_15,10,5,away
776,01_94_PIT_MIL_14,1,2,home
777,01_94_SEA_HOU_14,1,6,home
778,01_94_MIN_CHW_14,3,4,home
779,01_94_TEX_TB_13,2,6,home
780,01_94_PHI_MIA_13,13,6,away
781,01_94_WSH_DET_13,2,1,away
782,01_94_CHC_CIN_13,6,8,home
783,01_94_KC_TOR_13,7,6,away
784,01_94_CLE_BAL_13,2,0,away
785,01_94_NYY_BOS_10,12,8,away
786,01_95_BAL_TB_19,3,6,home
787,01_95_MIL_CIN_19,8,6,away
788,01_95_CHC_PIT_19,5,18,home
789,01_95_KC_TOR_13,4,11,home
790,01_96_CLE_KC_20,9,5,away
791,01_96_HOU_COL_20,9,8,away
792,01_96_LAA_TEX_20,9,4,away
793,01_96_PHI_ATL_19,2,0,away
794,01_96_BAL_TB_19,3,6,home
795,01_96_NYY_NYM_19,2,4,home
796,01_96_MIL_CIN_19,4,5,home
797,01_96_BOS_TOR_19,10,6,away
798,01_96_MIA_WSH_19,2,3,home
799,01_96_CHC_PIT_19,1,5,home
800,01_97_SF_SD_21,7,5,away
801,01_97_CLE_KC_20,4,0,away
802,01_97_HOU_COL_20,4,2,away
803,01_97_DET_CHW_20,6,9,home
804,01_97_LAA_TEX_20,6,2,away
805,01_97_PHI_ATL_19,2,9,home
806,01_97_BAL_TB_19,9,6,away
807,01_97_MIL_CIN_19,0,3,home
808,01_97_BOS_TOR_19,3,6,home
809,01_97_CHC_PIT_19,5,6,home
810,01_97_NYY_NYM_19,5,1,away
811,01_97_MIA_WSH_18,1,3,home
812,01_97_DET_CHW_14,5,7,home
813,01_98_SD_LAD_21,1,5,home
814,01_98_LAA_TEX_20,3,9,home
815,01_98_BOS_TOR_19,8,7,away
816,01_98_PHI_ATL_19,6,12,home
817,01_98_NYY_TB_17,8,4,away
818,01_98_STL_SEA_16,5,4,away
819,01_98_MIN_OAK_16,2,7,home
820,01_98_CHC_PIT_16,11,3,away
821,01_98_MIL_CIN_14,0,1,home
822,01_98_DET_CHW_14,11,5,away
823,01_98_CLE_KC_13,8,4,away
824,01_98_MIA_WSH_11,2,5,home
825,01_99_COL_ARI_21,0,8,home
826,01_99_TEX_MIN_20,6,15,home
827,01_99_LAA_HOU_20,5,4,away
828,01_99_MIA_ATL_19,0,1,home
829,01_99_NYY_TB_19,8,4,away
830,01_99_PHI_NYM_19,7,2,away
831,01_99_BOS_DET_19,9,6,away
832,01_99_BAL_TOR_19,4,1,away
833,01_99_KC_WSH_19,7,4,away
834,01_99_MIL_PIT_19,7,6,away
835,01_100_OAK_SEA_22,3,6,home
836,01_100_PHI_NYM_19,5,6,home
837,01_100_LAA_HOU_19,0,4,home
838,01_100_CHC_CHW_19,6,3,away
839,01_100_NYY_TB_16,3,4,home
840,01_100_BOS_DET_16,10,6,away
841,01_100_CLE_CIN_16,7,2,away
842,01_100_MIA_ATL_16,5,4,away
843,01_100_KC_WSH_16,0,6,home
844,01_100_MIL_PIT_16,2,12,home
845,01_100_BAL_TOR_15,8,1,away
846,01_100_TEX_MIN_14,4,7,home
847,01_101_OAK_SEA_16,7,4,away
848,01_101_SD_LAD_16,5,3,away
849,01_101_COL_ARI_16,3,5,home
850,01_101_STL_SF_16,0,1,home
851,01_101_TEX_MIN_14,4,1,away
852,01_101_LAA_HOU_14,10,11,home
853,01_101_CHC_CHW_14,1,3,home
854,01_101_KC_WSH_13,2,5,home
855,01_101_MIL_PIT_13,5,6,home
856,01_101_MIA_ATL_13,3,4,home
857,01_101_NYY_TB_13,1,2,home
858,01_101_PHI_NYM_13,8,3,away
859,01_101_BOS_DET_13,6,3,away
860,01_101_CLE_CIN_13,11,1,away
861,01_101_BAL_TOR_13,1,6,home
862,01_114_LAA_SEA_21,6,2,away
863,01_114_MIA_LAD_21,6,10,home
864,01_114_MIL_ARI_20,8,3,away
865,01_114_WSH_ATL_19,5,3,away
866,01_114_OAK_MIN_19,5,4,away
867,01_114_TEX_HOU_19,1,6,home
868,01_114_KC_CLE_19,1,0,away
869,01_114_STL_CIN_19,2,3,home
870,01_114_PHI_PIT_19,1,5,home
871,01_114_BOS_BAL_19,17,6,away
872,01_114_CHW_TB_18,2,1,away
873,01_114_TOR_DET_18,7,5,away
874,01_114_NYM_SF_16,11,4,away
875,01_114_SD_CHC_14,5,6,home
876,01_114_COL_NYY_13,5,11,home
877,01_115_WSH_ATL_19,1,7,home
878,01_115_LAA_SEA_16,9,3,away
879,01_115_MIA_LAD_16,0,9,home
880,01_115_MIL_ARI_16,7,4,away
881,01_115_NYM_SF_16,2,3,home
882,01_115_SD_CHC_14,5,1,away
883,01_115_OAK_MIN_14,6,7,home
884,01_115_TEX_HOU_14,3,5,home
885,01_115_PHI_PIT_13,2,1,away
886,01_115_CHW_TB_13,2,4,home
887,01_115_TOR_DET_13,3,4,home
888,01_115_KC_CLE_13,4,5,home
889,01_115_STL_CIN_13,3,1,away
890,01_115_COL_NYY_13,8,4,away
891,01_115_BOS_BAL_13,0,5,home
892,01_116_TEX_SEA_22,3,7,home
893,01_116_CHC_SF_21,4,5,home
894,01_116_BAL_ARI_21,3,6,home
895,01_116_NYY_MIN_20,6,8,home
896,01_116_CIN_MIL_20,6,5,away
897,01_116_OAK_HOU_20,1,11,home
898,01_116_MIA_CHW_20,1,9,home
899,01_116_CLE_TOR_19,7,3,away
900,01_116_STL_PIT_19,6,5,away
901,01_116_BOS_TB_19,9,4,away
902,01_117_TEX_SEA_22,7,2,away
903,01_117_BAL_ARI_21,7,2,away
904,01_117_CIN_MIL_20,14,6,away
905,01_117_OAK_HOU_20,4,3,away
906,01_117_MIA_CHW_20,5,1,away
907,01_117_KC_ATL_19,5,4,away
908,01_117_BOS_TB_19,5,4,away
909,01_117_SD_NYM_19,2,5,home
910,01_117_PHI_DET_19,3,2,away
911,01_117_CLE_TOR_19,1,2,home
912,01_117_COL_WSH_19,1,11,home
913,01_117_STL_PIT_19,4,3,away
914,01_118_MIA_CHW_20,2,0,away
915,01_118_NYY_MIN_20,10,7,away
916,01_118_KC_ATL_19,2,0,away
917,01_118_SD_NYM_19,7,2,away
918,01_118_CLE_TOR_19,4,0,away
919,01_118_COL_WSH_19,0,2,home
920,01_118_STL_PIT_19,14,8,away
921,01_118_CHC_SF_15,4,1,away
922,01_118_TEX_SEA_15,3,5,home
923,01_118_BAL_ARI_15,2,5,home
924,01_118_CIN_MIL_14,4,5,home
925,01_118_OAK_HOU_14,2,4,home
926,01_118_PHI_DET_13,4,0,away
927,01_118_COL_WSH_13,2,3,home
928,01_118_BOS_TB_12,2,3,home
929,01_119_DET_SEA_22,2,10,home
930,01_119_TEX_OAK_22,11,3,away
931,01_119_MIN_CHW_20,10,3,away
932,01_119_NYY_BOS_19,3,19,home
933,01_119_COL_WSH_16,8,7,away
934,01_119_STL_PIT_12,6,3,away
935,01_119_SD_NYM_12,0,4,home
936,01_120_DET_SEA_22,2,3,home
937,01_120_HOU_STL_20,3,5,home
938,01_120_CLE_KC_20,8,3,away
939,01_120_CHC_MIL_20,2,3,home
940,01_120_MIN_CHW_20,6,2,away
941,01_120_PIT_NYM_19,3,6,home
942,01_120_ARI_MIA_19,2,3,home
943,01_120_NYY_BOS_19,5,10,home
944,01_120_TB_TOR_19,3,1,away
945,01_120_LAD_WSH_19,4,2,away
946,01_120_ATL_PHI_19,9,2,away
947,01_120_COL_CIN_18,12,2,away
948,01_121_TEX_OAK_21,4,5,home
949,01_121_BAL_LAA_21,8,7,away
950,01_121_SF_SD_20,1,5,home
951,01_121_HOU_STL_19,8,2,away
952,01_121_CLE_KC_19,9,1,away
953,01_121_PIT_NYM_19,0,3,home
954,01_121_CHC_MIL_19,3,5,home
955,01_121_COL_CIN_19,1,3,home
956,01_121_MIN_CHW_19,1,5,home
957,01_121_ATL_PHI_19,15,7,away
958,01_121_ARI_MIA_18,9,2,away
959,01_121_DET_SEA_16,1,8,home
960,01_121_LAD_WSH_16,9,3,away
961,01_121_NYY_BOS_16,5,9,home
962,01_121_TB_TOR_15,9,10,home
963,01_122_NYY_BOS_19,9,6,away
964,01_122_DET_SEA_16,2,3,home
965,01_122_SF_SD_16,7,6,away
966,01_122_TEX_OAK_16,5,6,home
967,01_122_BAL_LAA_16,4,5,home
968,01_122_HOU_STL_14,6,2,away
969,01_122_CLE_KC_14,6,9,home
970,01_122_CHC_MIL_14,11,4,away
971,01_122_MIN_CHW_14,11,1,away
972,01_122_LAD_WSH_13,4,11,home
973,01_122_PIT_NYM_13,7,8,home
974,01_122_ARI_MIA_13,1,5,home
975,01_122_COL_CIN_13,2,3,home
976,01_122_TB_TOR_13,10,9,away
977,01_122_ATL_PHI_13,4,9,home
978,01_123_DET_LAA_22,7,2,away
979,01_123_LAD_COL_20,1,9,home
980,01_123_TOR_KC_20,7,3,away
981,01_123_ARI_MIA_19,6,11,home
982,01_123_PIT_CIN_19,6,11,home
983,01_123_ATL_WSH_19,3,6,home
984,01_124_DET_LAA_22,1,6,home
985,01_124_LAD_COL_20,9,4,away
986,01_124_CHC_STL_20,1,2,home
987,01_124_TOR_KC_20,9,2,away
988,01_124_NYM_CHW_20,5,2,away
989,01_124_SEA_TEX_20,8,5,away
990,01_124_MIN_MIA_19,2,1,away
991,01_124_HOU_CLE_19,2,0,away
992,01_124_PIT_CIN_19,11,4,away
993,01_124_TB_BOS_19,6,5,away
994,01_124_SF_PHI_19,2,4,home
995,01_124_ARI_NYY_19,4,2,away
996,01_124_ATL_WSH_19,11,8,away
997,01_124_BAL_SD_15,8,5,away
998,01_125_NYM_CHW_20,4,2,away
999,01_125_SEA_TEX_20,7,9,home
1000,01_125_CHC_STL_20,2,0,away
1001,01_125_MIN_MIA_19,7,4,away
1002,01_125_HOU_CLE_19,4,10,home
1003,01_125_TB_BOS_19,8,5,away
1004,01_125_SF_PHI_19,5,1,away
1005,01_125_DET_LAA_16,9,1,away
1006,01_125_LAD_COL_15,5,1,away
1007,01_125_TOR_KC_13,4,1,away
1008,01_125_ARI_NYY_13,5,7,home
1009,01_125_PIT_CIN_12,1,4,home
1010,01_125_ATL_WSH_12,5,4,away
1011,01_137_TB_SD_22,10,4,away
1012,01_137_PIT_LAA_22,10,2,away
1013,01_137_ARI_COL_20,8,6,away
1014,01_137_TEX_TOR_19,4,19,home
1015,01_137_CIN_WSH_19,6,7,home
1016,01_137_BAL_NYY_19,8,11,home
1017,01_137_BOS_CLE_19,5,6,home
1018,01_137_BAL_NYY_13,5,8,home
1019,01_138_OAK_SF_21,2,3,home
1020,01_138_HOU_CHW_21,1,4,home
1021,01_138_ARI_COL_20,9,3,away
1022,01_138_STL_KC_20,2,0,away
1023,01_138_MIN_MIL_20,7,5,away
1024,01_138_NYM_ATL_19,3,5,home
1025,01_138_LAD_MIA_19,15,1,away
1026,01_138_SEA_DET_19,11,6,away
1027,01_138_BOS_CLE_19,7,6,away
1028,01_138_TEX_TOR_19,0,3,home
1029,01_138_CIN_WSH_19,1,3,home
1030,01_138_CHC_PHI_19,2,4,home
1031,01_138_BAL_NYY_19,3,8,home
1032,01_138_HOU_CHW_16,6,2,away
1033,01_139_STL_KC_20,6,0,away
1034,01_139_PIT_LAA_20,4,7,home
1035,01_139_NYM_ATL_19,4,6,home
1036,01_139_LAD_MIA_19,9,1,away
1037,01_139_SEA_DET_19,2,3,home
1038,01_139_CHC_PHI_19,1,11,home
1039,01_139_CIN_WSH_16,7,17,home
1040,01_139_OAK_SF_15,9,5,away
1041,01_139_TB_SD_15,2,7,home
1042,01_139_ARI_COL_15,6,7,home
1043,01_139_MIN_MIL_14,5,6,home
1044,01_139_HOU_CHW_14,9,13,home
1045,01_139_BOS_CLE_13,5,1,away
1046,01_139_BAL_NYY_13,5,6,home
1047,01_139_TEX_TOR_12,7,3,away
1048,01_140_HOU_OAK_22,6,7,home
1049,01_140_SF_ARI_21,7,0,away
1050,01_140_MIN_TEX_20,13,6,away
1051,01_140_NYM_ATL_19,10,8,away
1052,01_140_STL_CIN_19,1,2,home
1053,01_140_CHC_PHI_19,5,7,home
1054,01_140_CLE_NYY_19,19,5,away
1055,01_140_LAD_MIA_15,7,13,home
1056,01_140_SEA_DET_13,7,2,away
1057,01_141_MIA_COL_20,0,3,home
1058,01_141_NYM_KC_20,1,4,home
1059,01_141_MIN_TEX_20,4,3,away
1060,01_141_LAD_ATL_19,8,3,away
1061,01_141_DET_TB_19,2,0,away
1062,01_141_STL_CIN_19,13,4,away
1063,01_141_BAL_BOS_19,1,9,home
1064,01_141_SEA_TOR_19,3,7,home
1065,01_141_MIL_WSH_19,1,2,home
1066,01_141_CHC_PIT_19,2,3,home
1067,01_141_SD_PHI_19,4,8,home
1068,01_141_CLE_NYY_19,2,3,home
1069,01_142_CHW_LAA_21,5,6,home
1070,01_142_MIA_COL_20,4,11,home
1071,01_142_SF_ARI_20,11,6,away
1072,01_142_MIN_TEX_20,12,7,away
1073,01_142_LAD_ATL_19,3,4,home
1074,01_142_NYM_KC_19,4,1,away
1075,01_142_BAL_BOS_19,0,4,home
1076,01_142_MIL_WSH_19,15,14,away
1077,01_142_SD_PHI_19,5,3,away
1078,01_142_STL_CIN_18,1,6,home
1079,01_142_DET_TB_18,0,1,home
1080,01_142_HOU_OAK_16,4,8,home
1081,01_142_SEA_TOR_15,4,3,away
1082,01_142_CHC_PIT_13,2,0,away
1083,01_142_CLE_NYY_13,5,6,home
1084,01_143_CHC_PIT_19,7,1,away
1085,01_143_SF_ARI_16,1,6,home
1086,01_143_HOU_OAK_16,4,1,away
1087,01_143_CHW_LAA_16,2,9,home
1088,01_143_MIA_COL_15,6,7,home
1089,01_143_MIN_TEX_15,6,3,away
1090,01_143_NYM_KC_14,11,5,away
1091,01_143_MIL_WSH_13,8,16,home
1092,01_143_LAD_ATL_13,3,5,home
1093,01_143_DET_TB_13,4,5,home
1094,01_143_STL_CIN_13,5,4,away
1095,01_143_SEA_TOR_13,7,0,away
1096,01_143_SD_PHI_13,3,2,away
1097,01_143_CLE_NYY_13,8,4,away
1098,01_143_BAL_BOS_13,7,13,home
1099,01_144_COL_ARI_21,3,5,home
1100,01_144_CHW_MIN_20,6,4,away
1101,01_144_DET_HOU_20,4,5,home
1102,01_144_LAA_TEX_20,7,8,home
1103,01_144_MIL_STL_19,0,3,home
1104,01_144_SEA_TB_19,9,3,away
1105,01_144_SD_CIN_19,3,2,away
1106,01_144_WSH_PIT_19,13,0,away
1107,01_144_KC_BAL_19,5,4,away
1108,01_145_NYY_OAK_22,2,6,home
1109,01_145_COL_ARI_21,7,8,home
1110,01_145_CHW_MIN_20,4,14,home
1111,01_145_DET_HOU_20,3,6,home
1112,01_145_LAA_TEX_20,2,3,home
1113,01_145_SF_CHC_20,3,5,home
1114,01_145_MIL_STL_19,4,9,home
1115,01_145_MIA_ATL_19,1,5,home
1116,01_145_SEA_TB_19,7,4,away
1117,01_145_CLE_NYM_19,2,9,home
1118,01_145_SD_CIN_19,2,3,home
1119,01_145_PHI_BOS_19,3,2,away
1120,01_145_WSH_PIT_19,1,4,home
1121,01_145_KC_BAL_19,1,4,home
1122,01_145_LAA_TEX_14,5,1,away
1123,01_146_DET_HOU_20,2,1,away
1124,01_146_SF_CHC_20,11,12,home
1125,01_146_MIL_STL_19,5,3,away
1126,01_146_MIA_ATL_19,0,5,home
1127,01_146_CLE_NYM_19,3,4,home
1128,01_146_PHI_BOS_19,5,2,away
1129,01_146_LAA_TEX_19,7,8,home
1130,01_146_WSH_PIT_19,11,1,away
1131,01_146_KC_BAL_19,1,8,home
1132,01_146_COL_ARI_15,7,2,away
1133,01_146_SEA_TB_13,6,7,home
1134,01_146_CHW_MIN_13,4,0,away
1135,01_146_SD_CIN_12,2,4,home
1136,01_147_TOR_LAD_22,2,3,home
1137,01_147_NYY_OAK_21,3,5,home
1138,01_147_DET_HOU_20,3,6,home
1139,01_147_TEX_CHW_20,1,6,home
1140,01_147_COL_STL_19,5,6,home
1141,01_147_MIA_ATL_19,2,3,home
1142,01_147_CLE_NYM_19,0,2,home
1143,01_147_WSH_PIT_19,7,1,away
1144,01_147_TB_BAL_19,5,2,away
1145,01_147_SF_CHC_14,0,1,home
1146,01_148_COL_STL_20,3,8,home
1147,01_148_DET_MIN_20,9,6,away
1148,01_148_ARI_MIL_20,1,6,home
1149,01_148_LAA_HOU_20,4,5,home
1150,01_148_TEX_CHW_20,3,8,home
1151,01_148_ATL_NYM_19,2,1,away
1152,01_148_PHI_MIA_19,11,19,home
1153,01_148_KC_CLE_19,1,4,home
1154,01_148_CIN_PIT_19,2,3,home
1155,01_148_TB_BAL_19,7,1,away
1156,01_148_WSH_CHC_14,9,3,away
1157,01_149_TOR_SEA_21,7,5,away
1158,01_149_SF_OAK_21,10,5,away
1159,01_149_BOS_SD_20,5,4,away
1160,01_149_COL_STL_19,0,6,home
1161,01_149_ATL_NYM_19,9,5,away
1162,01_149_DET_MIN_19,5,8,home
1163,01_149_ARI_MIL_19,0,4,home
1164,01_149_LAA_HOU_19,2,5,home
1165,01_149_KC_CLE_19,2,4,home
1166,01_149_TEX_CHW_19,4,0,away
1167,01_149_CIN_PIT_19,0,14,home
1168,01_149_TB_BAL_19,1,7,home
1169,01_149_PHI_MIA_18,9,3,away
1170,01_149_NYY_LAD_16,1,2,home
1171,01_149_WSH_CHC_14,7,2,away
1172,01_150_NYY_LAD_19,5,1,away
1173,01_150_TOR_SEA_16,1,3,home
1174,01_150_BOS_SD_16,1,3,home
1175,01_150_SF_OAK_16,5,4,away
1176,01_150_WSH_CHC_14,7,5,away
1177,01_150_COL_STL_14,4,11,home
1178,01_150_DET_MIN_14,4,7,home
1179,01_150_ARI_MIL_14,5,2,away
1180,01_150_LAA_HOU_14,2,11,home
1181,01_150_TEX_CHW_14,0,2,home
1182,01_150_CIN_PIT_13,8,9,home
1183,01_150_ATL_NYM_13,2,1,away
1184,01_150_PHI_MIA_13,2,3,home
1185,01_150_KC_CLE_13,9,8,away
1186,01_150_TB_BAL_13,3,8,home
1187,01_151_OAK_KC_20,19,4,away
1188,01_151_CIN_MIA_19,6,3,away
1189,01_151_PIT_PHI_19,5,6,home
1190,01_151_STL_MIL_19,12,2,away
1191,01_151_ATL_COL_15,1,3,home
1192,01_152_TEX_LAA_22,2,5,home
1193,01_152_ARI_SF_21,3,2,away
1194,01_152_BOS_COL_20,10,6,away
1195,01_152_OAK_KC_20,2,1,away
1196,01_152_TB_HOU_20,1,15,home
1197,01_152_MIN_CHW_20,3,1,away
1198,01_152_STL_MIL_19,6,3,away
1199,01_152_CHC_NYM_19,5,2,away
1200,01_152_CIN_MIA_19,8,5,away
1201,01_152_CLE_DET_19,10,1,away
1202,01_152_ATL_TOR_19,1,3,home
1203,01_152_BAL_WSH_19,2,0,away
1204,01_152_PIT_PHI_19,5,4,away
1205,01_153_BOS_COL_20,7,4,away
1206,01_153_OAK_KC_20,4,6,home
1207,01_153_TB_HOU_20,6,8,home
1208,01_153_MIN_CHW_20,8,2,away
1209,01_153_CHC_NYM_19,10,7,away
1210,01_153_CIN_MIA_19,5,0,away
1211,01_153_CLE_DET_19,4,2,away
1212,01_153_ATL_TOR_19,9,4,away
1213,01_153_BAL_WSH_19,4,8,home
1214,01_153_PIT_PHI_18,3,12,home
1215,01_153_NYY_SEA_16,7,3,away
1216,01_153_STL_MIL_14,1,4,home
1217,01_154_SD_SF_21,5,3,away
1218,01_154_PIT_COL_20,11,8,away
1219,01_154_SEA_TEX_20,5,3,away
1220,01_154_CHC_NYM_19,4,1,away
1221,01_154_CIN_MIA_19,3,4,home
1222,01_154_TB_HOU_14,9,8,away
1223,01_154_MIN_CHW_14,10,5,away
1224,01_154_OAK_KC_13,9,8,away
1225,01_154_CLE_DET_13,2,0,away
1226,01_155_PIT_COL_20,9,4,away
1227,01_155_BAL_KC_20,14,2,away
1228,01_155_SEA_TEX_20,3,6,home
1229,01_155_CHW_ATL_19,7,10,home
1230,01_155_CLE_TB_19,0,4,home
1231,01_155_MIN_DET_19,13,5,away
1232,01_155_HOU_TOR_19,7,4,away
1233,01_155_MIA_WSH_19,6,7,home
1234,01_155_NYM_PHI_19,11,5,away
1235,01_155_OAK_NYY_19,8,2,away
1236,01_155_MIL_CHC_14,1,7,home
1237,01_156_BOS_LAA_21,4,10,home
1238,01_156_SD_SF_21,4,1,away
1239,01_156_PIT_COL_20,11,4,away
1240,01_156_LAD_ARI_20,5,6,home
1241,01_156_SEA_TEX_20,2,3,home
1242,01_156_CHW_ATL_19,5,11,home
1243,01_156_CIN_STL_19,2,3,home
1244,01_156_BAL_KC_19,5,7,home
1245,01_156_MIA_WSH_19,0,7,home
1246,01_156_CLE_TB_18,6,9,home
1247,01_156_MIN_DET_18,7,10,home
1248,01_156_NYM_PHI_16,6,3,away
1249,01_156_HOU_TOR_15,4,6,home
1250,01_156_MIL_CHC_14,2,0,away
1251,01_156_CIN_STL_13,6,10,home
1252,01_156_OAK_NYY_13,3,4,home
1253,01_157_CIN_STL_19,5,3,away
1254,01_157_NYM_PHI_19,2,5,home
1255,01_157_CHW_ATL_17,3,5,home
1256,01_157_LAD_ARI_16,4,3,away
1257,01_157_BOS_LAA_16,4,3,away
1258,01_157_SD_SF_16,8,4,away
1259,01_157_PIT_COL_15,6,2,away
1260,01_157_SEA_TEX_15,11,3,away
1261,01_157_MIL_CHC_14,4,0,away
1262,01_157_BAL_KC_14,4,6,home
1263,01_157_MIA_WSH_13,3,9,home
1264,01_157_CLE_TB_13,2,8,home
1265,01_157_MIN_DET_13,8,3,away
1266,01_157_HOU_TOR_13,2,0,away
1267,01_157_CIN_STL_13,3,4,home
1268,01_157_OAK_NYY_13,4,5,home
1269,01_158_COL_LAD_20,9,16,home
1270,01_158_CHW_CLE_19,3,11,home
1271,01_158_SD_ARI_16,7,14,home
1272,01_158_HOU_MIL_16,3,2,away
1273,01_158_SEA_CHC_14,1,5,home
1274,01_158_SF_STL_14,1,3,home
1275,01_158_PHI_CIN_14,7,1,away
1276,01_158_TOR_ATL_13,3,6,home
1277,01_158_BAL_TB_13,4,5,home
1278,01_158_MIN_DET_13,4,3,away
1279,01_158_NYM_WSH_13,7,3,away
1280,01_158_TEX_NYY_13,7,0,away
1281,01_159_SD_ARI_21,1,2,home
1282,01_159_DET_KC_20,5,6,home
1283,01_159_SEA_CHC_20,1,6,home
1284,01_159_SF_STL_19,0,1,home
1285,01_159_HOU_MIL_19,2,4,home
1286,01_159_TOR_ATL_19,2,7,home
1287,01_159_CHW_CLE_19,6,5,away
1288,01_159_MIN_BOS_19,6,5,away
1289,01_159_NYM_WSH_19,10,11,home
1290,01_159_MIA_PIT_19,5,4,away
1291,01_159_BAL_TB_18,0,2,home
1292,01_159_PHI_CIN_18,6,2,away
1293,01_159_TEX_NYY_18,1,10,home
1294,01_159_BAL_TB_15,4,2,away
1295,01_160_LAA_OAK_22,0,4,home
1296,01_160_SD_ARI_21,1,4,home
1297,01_160_DET_KC_20,4,5,home
1298,01_160_SF_STL_19,9,8,away
1299,01_160_CHW_CLE_19,6,8,home
1300,01_160_MIN_BOS_19,2,6,home
1301,01_160_MIA_PIT_19,5,6,home
1302,01_160_PHI_CIN_18,5,8,home
1303,01_160_TEX_NYY_18,1,4,home
1304,01_160_NYM_WSH_13,8,4,away
1305,01_161_SEA_HOU_20,9,11,home
1306,01_161_WSH_ATL_19,2,4,home
1307,01_161_TOR_TB_19,4,6,home
1308,01_161_CHC_MIL_19,10,5,away
1309,01_161_MIN_BOS_19,2,1,away
1310,01_161_MIA_PIT_19,10,7,away
1311,01_161_TEX_BAL_19,3,1,away
1312,01_161_LAA_OAK_15,6,10,home
1313,01_161_SF_STL_13,0,10,home
1314,01_161_DET_KC_13,6,4,away
1315,01_161_CHW_CLE_13,7,1,away
1316,01_161_PHI_CIN_12,3,4,home
1317,01_162_CLE_MIN_20,6,2,away
1318,01_162_CHC_MIL_20,1,7,home
1319,01_162_SEA_HOU_20,4,7,home
1320,01_162_LAA_CHW_20,5,4,away
1321,01_162_WSH_ATL_19,3,4,home
1322,01_162_TOR_TB_19,0,5,home
1323,01_162_PHI_NYM_19,4,5,home
1324,01_162_KC_MIA_19,3,0,away
1325,01_162_ARI_CIN_19,7,5,away
1326,01_162_NYY_BOS_19,1,6,home
1327,01_162_STL_PIT_19,4,9,home
1328,01_162_TEX_BAL_19,7,6,away
1329,01_163_SF_LAD_21,1,0,away
1330,01_163_DET_OAK_21,2,10,home
1331,01_163_COL_SD_20,0,3,home
1332,01_163_WSH_ATL_19,4,5,home
1333,01_163_PHI_NYM_19,5,0,away
1334,01_163_CLE_MIN_19,3,5,home
1335,01_163_CHC_MIL_19,2,3,home
1336,01_163_SEA_HOU_19,1,2,home
1337,01_163_LAA_CHW_19,8,7,away
1338,01_163_STL_PIT_19,10,1,away
1339,01_163_TEX_BAL_19,9,4,away
1340,01_163_TOR_TB_18,3,5,home
1341,01_163_KC_MIA_18,7,2,away
1342,01_163_ARI_CIN_16,2,0,away
1343,01_163_NYY_BOS_16,5,1,away
1344,01_164_NYY_BOS_20,10,5,away
1345,01_164_COL_SD_16,1,2,home
1346,01_164_SF_LAD_16,0,5,home
1347,01_164_DET_OAK_16,1,3,home
1348,01_164_CLE_MIN_14,5,2,away
1349,01_164_CHC_MIL_14,5,8,home
1350,01_164_SEA_HOU_14,1,21,home
1351,01_164_LAA_CHW_14,1,5,home
1352,01_164_STL_PIT_13,2,0,away
1353,01_164_WSH_ATL_13,9,4,away
1354,01_164_TOR_TB_13,3,8,home
1355,01_164_PHI_NYM_13,10,7,away
1356,01_164_KC_MIA_13,0,9,home
1357,01_164_ARI_CIN_13,3,4,home
1358,01_164_TEX_BAL_13,10,4,away
1359,01_165_PIT_SF_21,6,4,away
1360,01_165_OAK_HOU_20,0,15,home
1361,01_165_ARI_NYM_19,1,3,home
1362,01_165_MIL_MIA_19,8,3,away
1363,01_165_NYY_BOS_19,5,0,away
1364,01_165_ATL_PHI_19,7,2,away
1365,01_166_CIN_SEA_22,3,4,home
1366,01_166_CLE_LAA_22,8,0,away
1367,01_166_PIT_SF_21,4,5,home
1368,01_166_STL_COL_20,1,2,home
1369,01_166_OAK_HOU_20,21,7,away
1370,01_166_KC_CHW_20,3,7,home
1371,01_166_TB_TEX_20,5,3,away
1372,01_166_WSH_MIN_19,0,5,home
1373,01_166_ARI_NYM_19,2,3,home
1374,01_166_MIL_MIA_19,4,3,away
1375,01_166_BOS_TOR_19,3,4,home
1376,01_166_ATL_PHI_19,5,6,home
1377,01_166_LAD_BAL_19,7,3,away
1378,01_166_NYY_DET_18,11,12,home
1379,01_167_PIT_SF_21,6,3,away
1380,01_167_STL_COL_20,1,2,home
1381,01_167_OAK_HOU_20,5,3,away
1382,01_167_KC_CHW_20,8,6,away
1383,01_167_CLE_LAA_20,4,3,away
1384,01_167_TB_TEX_20,9,10,home
1385,01_167_WSH_MIN_19,6,2,away
1386,01_167_ARI_NYM_19,0,9,home
1387,01_167_MIL_MIA_19,7,5,away
1388,01_167_BOS_TOR_19,0,8,home
1389,01_167_LAD_BAL_19,3,7,home
1390,01_167_ATL_PHI_19,3,1,away
1391,01_168_OAK_HOU_20,3,2,away
1392,01_168_TB_TEX_20,4,6,home
1393,01_168_WSH_MIN_19,12,6,away
1394,01_168_ATL_PHI_19,5,9,home
1395,01_168_LAD_BAL_19,4,2,away
1396,01_168_BOS_TOR_19,7,4,away
1397,01_168_NYY_DET_17,6,4,away
1398,01_168_PIT_SF_15,4,2,away
1399,01_168_CHC_SD_15,4,1,away
1400,01_168_STL_COL_15,10,3,away
1401,01_168_KC_CHW_14,6,3,away
1402,01_168_ARI_NYM_13,1,11,home
1403,01_168_MIL_MIA_13,3,2,away
1404,01_168_NYY_DET_13,10,4,away
1405,01_169_MIA_SF_22,0,1,home
1406,01_169_CIN_ARI_21,4,3,away
1407,01_169_SD_COL_20,8,10,home
1408,01_169_MIL_STL_20,0,10,home
1409,01_169_HOU_KC_20,4,1,away
1410,01_169_OAK_TEX_20,14,9,away
1411,01_169_LAD_NYM_19,9,2,away
1412,01_169_BAL_DET_19,6,2,away
1413,01_169_NYY_TOR_19,5,6,home
1414,01_169_ATL_WSH_19,5,0,away
1415,01_169_PIT_CHC_16,8,17,home
1416,01_170_CHW_SEA_21,1,2,home
1417,01_170_TB_LAA_21,3,1,away
1418,01_170_MIA_SF_21,4,2,away
1419,01_170_SD_COL_20,10,11,home
1420,01_170_CIN_ARI_20,0,1,home
1421,01_170_OAK_TEX_20,8,6,away
1422,01_170_MIL_STL_19,5,2,away
1423,01_170_HOU_KC_19,6,1,away
1424,01_170_LAD_NYM_19,0,3,home
1425,01_170_MIN_CLE_19,9,5,away
1426,01_170_BOS_PHI_19,2,1,away
1427,01_170_BAL_DET_18,4,8,home
1428,01_170_ATL_WSH_16,10,1,away
1429,01_170_NYY_TOR_15,13,3,away
1430,01_170_PIT_CHC_14,1,14,home
1431,01_170_MIN_CLE_13,2,0,away
1432,01_171_LAD_NYM_19,3,2,away
1433,01_171_CHW_SEA_16,10,11,home
1434,01_171_CIN_ARI_16,3,1,away
1435,01_171_TB_LAA_16,4,6,home
1436,01_171_MIA_SF_16,1,2,home
1437,01_171_SD_COL_15,5,10,home
1438,01_171_OAK_TEX_15,6,1,away
1439,01_171_PIT_CHC_14,6,16,home
1440,01_171_MIL_STL_14,7,6,away
1441,01_171_HOU_KC_14,12,3,away
1442,01_171_ATL_WSH_13,0,7,home
1443,01_171_BAL_DET_13,8,2,away
1444,01_171_MIN_CLE_13,5,7,home
1445,01_171_NYY_TOR_13,4,6,home
1446,01_171_BOS_PHI_13,6,3,away
1447,01_172_NYM_COL_20,4,9,home
1448,01_172_CIN_CHC_20,2,8,home
1449,01_172_WSH_STL_19,2,4,home
1450,01_172_CHW_MIN_19,3,5,home
1451,01_172_SD_MIL_19,1,5,home
1452,01_172_BAL_DET_16,2,5,home
1453,01_173_KC_OAK_22,1,2,home
1454,01_173_NYM_COL_20,6,1,away
1455,01_173_TEX_HOU_20,1,4,home
1456,01_173_CIN_CHC_20,4,2,away
1457,01_173_WSH_STL_19,6,2,away
1458,01_173_CHW_MIN_19,8,9,home
1459,01_173_SD_MIL_19,1,3,home
1460,01_173_PHI_ATL_19,5,4,away
1461,01_173_DET_CLE_19,2,7,home
1462,01_173_SEA_PIT_19,6,0,away
1463,01_173_TOR_BAL_19,8,5,away
1464,01_173_LAA_NYY_18,0,8,home
1465,01_174_TB_LAD_20,8,7,away
1466,01_174_TEX_HOU_20,2,3,home
1467,01_174_CIN_CHC_20,3,2,away
1468,01_174_CHW_MIN_19,3,1,away
1469,01_174_SD_MIL_19,2,1,away
1470,01_174_PHI_ATL_19,4,1,away
1471,01_174_DET_CLE_19,1,2,home
1472,01_174_SF_BOS_19,11,3,away
1473,01_174_SEA_PIT_19,4,1,away
1474,01_174_TOR_BAL_19,11,10,away
1475,01_174_LAA_NYY_18,3,2,away
1476,01_174_MIA_ARI_15,4,5,home
1477,01_174_KC_OAK_15,0,1,home
1478,01_174_NYM_COL_15,7,4,away
1479,01_174_WSH_STL_13,1,5,home
1480,01_175_KC_MIN_19,5,8,home
1481,01_175_DET_CLE_19,0,7,home
1482,01_175_STL_CHC_19,5,4,away
1483,01_175_TOR_BAL_19,8,4,away
1484,01_175_LAA_NYY_18,1,9,home
1485,01_175_SD_MIL_16,1,5,home
1486,01_175_SF_BOS_13,4,5,home
1487,01_175_SEA_PIT_12,6,5,away
1488,01_175_PHI_ATL_12,4,5,home
1489,01_176_TEX_OAK_22,0,8,home
1490,01_176_KC_MIN_20,3,4,home
1491,01_176_PIT_MIL_20,1,10,home
1492,01_176_LAA_HOU_20,4,6,home
1493,01_176_SF_ATL_19,0,6,home
1494,01_176_BOS_TB_19,4,5,home
1495,01_176_WSH_MIA_19,6,4,away
1496,01_176_CHW_DET_19,10,1,away
1497,01_176_NYM_CIN_19,8,1,away
1498,01_176_TOR_NYY_19,4,3,away
1499,01_176_SEA_BAL_19,3,5,home
1500,01_176_PHI_CLE_19,2,5,home
1501,01_176_STL_CHC_14,2,1,away
1502,01_177_COL_LAD_21,4,2,away
1503,01_177_TEX_OAK_21,3,12,home
1504,01_177_ARI_SD_20,4,2,away
1505,01_177_SF_ATL_19,1,8,home
1506,01_177_KC_MIN_19,12,5,away
1507,01_177_PIT_MIL_19,1,10,home
1508,01_177_LAA_HOU_19,8,4,away
1509,01_177_PHI_CLE_19,9,4,away
1510,01_177_SEA_BAL_19,7,6,away
1511,01_177_BOS_TB_18,4,5,home
1512,01_177_WSH_MIA_18,10,4,away
1513,01_177_CHW_DET_18,5,3,away
1514,01_177_NYM_CIN_16,2,3,home
1515,01_177_STL_CHC_14,9,8,away
1516,01_177_TOR_NYY_13,2,7,home
1517,01_178_PHI_CLE_18,1,10,home
1518,01_178_ARI_SD_16,4,6,home
1519,01_178_COL_LAD_16,4,7,home
1520,01_178_TEX_OAK_16,8,3,away
1521,01_178_STL_CHC_14,3,2,away
1522,01_178_KC_MIN_14,8,12,home
1523,01_178_PIT_MIL_14,3,4,home
1524,01_178_LAA_HOU_14,5,13,home
1525,01_178_SF_ATL_13,4,1,away
1526,01_178_BOS_TB_13,7,4,away
1527,01_178_WSH_MIA_13,3,5,home
1528,01_178_CHW_DET_13,3,6,home
1529,01_178_NYM_CIN_13,6,3,away
1530,01_178_TOR_NYY_13,3,8,home
1531,01_178_SEA_BAL_13,1,2,home
1532,01_179_BOS_TB_19,4,7,home
1533,01_179_MIA_NYM_19,8,4,away
1534,01_179_BAL_TOR_19,10,11,home
1535,01_179_PHI_WSH_19,2,7,home
1536,01_180_HOU_SEA_22,3,0,away
1537,01_180_OAK_LAA_22,2,3,home
1538,01_180_ATL_KC_20,6,9,home
1539,01_180_BOS_TEX_20,12,10,away
1540,01_180_CLE_CHW_20,11,0,away
1541,01_180_NYY_TB_19,1,2,home
1542,01_180_MIA_NYM_19,4,5,home
1543,01_180_BAL_TOR_19,11,4,away
1544,01_180_PHI_WSH_19,5,6,home
1545,01_180_CHC_PIT_19,2,9,home
1546,01_180_MIN_DET_18,4,2,away
1547,01_180_MIL_CIN_18,4,2,away
1548,01_180_PHI_WSH_13,1,4,home
1549,01_181_HOU_SEA_22,3,0,away
1550,01_181_COL_SF_21,1,2,home
1551,01_181_ATL_KC_20,10,2,away
1552,01_181_CLE_CHW_20,3,8,home
1553,01_181_BOS_TEX_20,10,3,away
1554,01_181_MIA_NYM_19,3,10,home
1555,01_181_BAL_TOR_19,2,3,home
1556,01_181_PHI_WSH_19,2,5,home
1557,01_181_CHC_PIT_19,2,4,home
1558,01_181_NYY_TB_19,0,4,home
1559,01_181_MIN_DET_18,5,1,away
1560,01_181_MIL_CIN_18,9,2,away
1561,01_181_STL_ARI_15,7,9,home
1562,01_182_OAK_SEA_22,3,1,away
1563,01_182_CLE_CHW_20,0,8,home
1564,01_182_MIA_NYM_19,4,2,away
1565,01_182_CHC_PIT_19,5,9,home
1566,01_182_PHI_WSH_16,3,6,home
1567,01_182_COL_SF_15,3,8,home
1568,01_182_LAD_SD_15,1,0,away
1569,01_182_BOS_TEX_14,5,7,home
1570,01_182_MIN_DET_13,10,4,away
1571,01_182_MIL_CIN_12,5,3,away
1572,01_183_HOU_LAA_22,4,0,away
1573,01_183_SD_ARI_21,3,6,home
1574,01_183_MIN_KC_20,6,2,away
1575,01_183_MIL_COL_20,7,11,home
1576,01_183_NYY_TEX_20,14,7,away
1577,01_183_CHC_STL_20,8,2,away
1578,01_183_ATL_NYM_19,2,4,home
1579,01_183_BAL_BOS_19,4,1,away
1580,01_183_TB_TOR_19,6,2,away
1581,01_183_CLE_WSH_19,2,8,home
1582,01_183_CIN_PIT_19,5,6,home
1583,01_183_MIA_PHI_19,4,5,home
1584,01_184_OAK_SEA_21,1,0,away
1585,01_184_HOU_LAA_21,6,3,away
1586,01_184_MIL_COL_20,2,3,home
1587,01_184_SD_ARI_20,5,6,home
1588,01_184_NYY_TEX_20,4,9,home
1589,01_184_CHC_STL_19,8,6,away
1590,01_184_ATL_NYM_19,0,3,home
1591,01_184_CIN_PIT_19,4,2,away
1592,01_184_DET_CHW_19,4,3,away
1593,01_184_MIA_PHI_18,3,9,home
1594,01_184_CLE_WSH_16,7,10,home
1595,01_184_LAD_SF_16,2,0,away
1596,01_184_DET_CHW_15,1,7,home
1597,01_184_TB_TOR_15,1,4,home
1598,01_184_MIN_KC_14,4,3,away
1599,01_184_BAL_BOS_13,9,4,away
1600,01_185_CHC_STL_15,0,9,home
1601,01_185_MIN_KC_15,4,5,home
1602,01_185_OAK_SEA_15,1,3,home
1603,01_185_ATL_NYM_15,6,7,home
1604,01_185_MIL_COL_15,3,4,home
1605,01_185_DET_CHW_15,3,5,home
1606,01_185_SD_ARI_15,0,1,home
1607,01_185_TB_TOR_15,3,8,home
1608,01_185_HOU_LAA_15,8,5,away
1609,01_185_CLE_WSH_15,2,8,home
1610,01_185_NYY_TEX_15,1,6,home
1611,01_185_LAD_SF_15,9,0,away
1612,01_185_CIN_PIT_15,3,1,away
1613,01_185_MIA_PHI_15,4,3,away
1614,01_185_BAL_BOS_15,4,5,home
1615,01_187_MIL_WSH_20,3,4,home
1616,01_188_TB_OAK_20,5,1,away
1617,01_189_WSH_LAD_20,0,6,home
1618,01_189_STL_ATL_17,7,6,away
1619,01_190_MIN_NYY_19,4,10,home
1620,01_190_STL_ATL_16,0,3,home
1621,01_190_TB_HOU_14,2,6,home
1622,01_191_TB_HOU_21,1,3,home
1623,01_191_MIN_NYY_17,2,8,home
1624,01_192_LAD_WSH_19,10,4,away
1625,01_192_ATL_STL_16,3,1,away
1626,01_193_NYY_MIN_20,5,1,away
1627,01_193_LAD_WSH_18,1,6,home
1628,01_193_ATL_STL_15,4,5,home
1629,01_193_HOU_TB_13,3,10,home
1630,01_194_HOU_TB_19,1,4,home
1631,01_195_WSH_LAD_20,7,3,away
1632,01_195_STL_ATL_17,13,1,away
1633,01_196_TB_HOU_19,1,6,home
1634,01_197_WSH_STL_20,2,0,away
1635,01_198_NYY_HOU_20,7,0,away
1636,01_198_WSH_STL_16,3,1,away
1637,01_199_NYY_HOU_20,2,3,home
1638,01_200_STL_WSH_19,1,8,home
1639,01_201_STL_WSH_20,4,7,home
1640,01_201_HOU_NYY_16,4,1,away
1641,01_203_HOU_NYY_20,8,3,away
1642,01_204_HOU_NYY_19,1,4,home
1643,01_205_NYY_HOU_20,4,6,home
1644,01_208_WSH_HOU_20,5,4,away
1645,01_209_WSH_HOU_20,12,3,away
1646,01_211_HOU_WSH_20,4,1,away
1647,01_212_HOU_WSH_20,8,1,away
1648,01_213_HOU_WSH_20,7,1,away
1649,01_215_WSH_HOU_20,7,2,away
1650,01_216_WSH_HOU_20,6,2,away
